,2017-10,2017-11,2017-12,2018-01,2018-02,2018-03,2018-04,2018-05,2018-06,2018-07,2018-08,2018-09,2018-10,2018-11,2018-12,2019-01,2019-02,2019-03,2019-04,2019-05,2019-06,2019-07,2019-08,2019-09,2019-10,2019-11,2019-12,2020-01,2020-02,2020-03,2020-04,2020-05,2020-06,2020-07,2020-08,2020-09,2020-10,2020-11,2020-12,2021-01,2021-02,2021-03,2021-04,2021-05,2021-06
1부부장,0,0,0,0,509,0,0,0,0,0,0,0,0,0,0,0,0,0,0,0,0,0,0,0,0,0,0,0,0,0,0,0,0,0,0,0,0,0,0,0,0,0,0,0,0
1주년,0,0,0,0,0,0,0,0,0,0,0,0,0,0,0,0,0,0,373,0,138,0,0,0,0,0,0,0,0,0,0,0,0,0,0,0,0,0,0,0,0,0,0,0,0
20대_국회,0,0,0,0,0,0,0,0,0,0,0,0,0,0,0,0,0,0,0,0,0,0,0,0,125,131,130.5,130,0,0,366,947,237,0,0,0,0,0,0,0,0,0,0,0,0
21대_국회,0,0,0,0,0,0,0,0,0,0,0,0,0,0,0,0,0,0,0,0,0,0,0,0,0,0,0,0,0,0,609,1415,892,345,0,0,0,0,0,0,0,0,0,0,0
2차_북미정상회담,0,0,0,0,0,0,0,0,0,0,0,191,150,0,0,360,469,159,0,0,0,0,0,0,0,0,0,0,0,0,0,0,0,0,0,0,0,0,0,0,0,0,0,0,0
2차_재난지원금,0,0,0,0,0,0,0,0,0,0,0,0,0,0,0,0,0,0,0,0,0,0,0,0,0,0,0,0,0,0,0,0,0,0,482,267,0,0,0,0,0,0,0,0,0
2차장,113,0,0,0,0,0,0,0,0,0,0,0,0,0,0,0,0,166,0,0,0,172,184,0,0,0,0,0,0,0,0,0,0,0,0,0,0,0,0,0,0,0,0,0,0
3기_신도시,0,0,0,0,0,0,0,0,0,0,0,0,0,0,0,0,0,0,0,0,0,0,0,0,0,0,0,0,0,0,0,0,0,0,0,0,0,0,0,0,0,715,0,0,0
3차_재난지원금,0,0,0,0,0,0,0,0,0,0,0,0,0,0,0,0,0,0,0,0,0,0,0,0,0,0,0,0,0,0,0,0,0,0,0,0,0,422,195,0,0,0,0,0,0
3차_추경,0,0,0,0,0,0,0,0,0,0,0,0,0,0,0,0,0,0,0,0,0,0,0,0,0,0,0,0,0,0,0,150,409,0,0,0,0,0,0,0,0,0,0,0,0
4차_재난지원금,0,0,0,0,0,0,0,0,0,0,0,0,0,0,0,0,0,0,0,0,0,0,0,0,0,0,0,0,0,0,0,0,0,0,0,0,0,0,0,285,772,235,0,0,0
4차_추경,0,0,0,0,0,0,0,0,0,0,0,0,0,0,0,0,0,0,0,0,0,0,0,0,0,0,0,0,0,0,0,0,0,0,295,347,0,0,0,0,0,0,0,0,0
6개월,214,181,0,0,175,0,0,0,258,258,0,0,135,155,197,162,150,0,0,0,0,0,0,0,0,0,0,0,0,0,0,0,0,0,0,0,0,0,0,0,0,0,0,0,0
APEC,0,301,0,0,0,0,0,0,0,0,0,0,0,373,0,0,0,0,0,0,0,0,0,0,154,0,0,0,0,0,0,0,0,0,0,0,0,224,0,0,0,0,0,0,0
ARF,0,0,0,0,0,0,0,0,0,0,310,0,0,0,0,0,0,0,0,0,0,226,0,0,0,0,0,0,0,0,0,0,0,0,0,0,0,0,0,0,0,0,0,0,0
BTS,0,0,0,0,0,0,0,0,0,0,0,0,0,0,0,0,0,0,0,0,0,0,0,0,0,0,0,0,0,0,0,0,0,0,0,147,485,0,0,0,0,0,0,0,0
CNN,117,0,0,0,0,0,0,0,0,0,0,0,0,139,0,0,0,0,0,0,0,0,0,0,0,0,70.5,141,110,0,388,131,0,0,0,0,0,339,0,0,0,0,0,0,0
CVID,0,0,0,0,0,0,0,467,648,648,0,0,0,0,0,0,0,0,0,0,0,0,0,0,0,0,0,0,0,0,0,0,0,0,0,0,0,0,0,0,0,0,0,0,0
DMZ,148,201,0,0,0,0,0,0,0,0,0,243,157,148,0,0,0,0,156,0,1047,183,0,177,163,0,0,0,0,0,0,0,174,0,0,0,0,0,0,0,0,0,0,0,0
FTA,564,450,111,0,135,233,0,0,0,0,0,221,0,0,0,0,0,0,0,0,0,0,0,0,0,0,0,0,0,0,0,0,0,0,0,0,0,195,159,0,0,0,0,0,0
G20,0,0,0,0,0,0,0,0,0,0,0,0,0,700,341,0,0,0,0,294,2045,318,0,0,0,0,0,0,0,0,0,0,0,0,0,0,0,0,0,0,0,0,0,0,0
GSOMIA,0,0,0,0,0,0,0,0,0,0,0,0,0,0,0,0,0,0,0,0,0,162,338,0,0,212,106,0,0,0,0,0,0,0,0,0,0,0,0,0,0,0,0,0,0
ICBM,0,0,272,0,0,0,179,0,0,0,0,177,0,0,0,192,0,0,0,136,0,0,0,0,133,200,203.5,207,0,0,0,0,0,0,0,0,547,0,0,0,0,0,0,0,0
IOC,0,0,0,670,433,0,0,0,0,0,0,0,0,0,0,0,0,0,0,0,0,0,0,0,0,0,0,0,0,0,0,0,0,0,0,0,0,0,0,0,0,0,0,0,147
JSA,0,426,0,0,0,0,0,0,0,0,0,0,351,0,0,0,0,0,0,0,0,0,0,0,0,0,0,0,0,0,0,0,0,0,0,0,0,0,0,0,0,0,0,0,0
NLL,0,0,0,0,0,0,0,0,0,0,0,268,282,0,0,0,0,0,0,0,153,238,0,0,0,0,0,0,0,0,0,0,0,0,0,171,0,0,0,0,0,0,0,0,0
NSC,0,0,0,0,0,0,0,182,0,0,0,0,0,0,0,0,0,151,0,0,0,318,320,0,161,211,105.5,0,0,0,0,0,297,0,0,161,0,0,0,0,0,139,0,0,0
P4G,0,0,0,0,0,0,0,0,0,0,0,0,0,0,0,0,0,0,0,0,0,0,0,0,0,0,0,0,0,0,0,0,0,0,0,0,0,0,0,0,0,0,0,462,152
SLBM,0,0,0,0,0,0,0,0,0,0,0,0,0,0,0,0,0,0,0,0,0,0,0,0,571,0,0,0,0,0,0,0,0,0,0,0,0,0,0,164,0,0,0,0,0
SNS,0,0,0,0,0,0,179,0,213,213,0,0,0,0,0,0,0,0,0,0,0,143,0,0,0,0,0,0,155,147,279,0,0,160,212,274,219,211,202,221,173,262,178,240,262
UAE,0,0,508,761,0,539,0,0,0,0,0,0,0,0,0,0,157,0,0,0,0,0,0,0,0,0,0,0,0,0,0,0,0,0,0,0,0,0,0,0,0,0,0,0,0
UFG,0,0,0,0,0,0,0,0,262,262,0,0,0,0,0,0,0,0,0,0,0,0,0,0,0,0,0,0,0,0,0,0,0,0,0,0,0,0,0,0,0,0,0,0,0
WTO,0,0,0,0,0,0,0,0,0,0,0,0,0,0,0,0,0,0,0,0,0,553,0,139,174,188,94,0,0,0,0,0,175,194,0,0,776,0,0,0,0,0,0,0,0
X파일,0,0,0,0,0,0,0,0,0,0,0,0,0,0,0,0,0,0,0,0,0,0,0,0,0,0,0,0,0,0,0,0,0,0,0,0,0,0,0,0,0,0,0,0,543
가덕도,0,0,0,0,0,0,0,0,0,0,0,0,0,0,0,0,0,0,0,0,0,0,0,0,0,0,0,0,0,0,0,0,0,0,0,0,0,1077,151,406,1404,586,0,0,0
가덕도_신공항,0,0,0,0,0,0,0,0,0,0,0,0,0,0,0,0,0,0,0,0,0,0,0,0,0,0,0,0,0,0,0,0,0,0,0,0,0,607,0,249,775,279,0,0,0
가덕신공항,0,0,0,0,0,0,0,0,0,0,0,0,0,0,0,0,0,0,0,0,0,0,0,0,0,0,0,0,0,0,0,0,0,0,0,0,0,287,0,249,460,155,0,0,0
가상화폐,0,0,0,445,0,0,0,0,0,0,0,0,0,0,0,0,0,0,0,0,0,0,0,0,0,0,0,0,0,0,0,0,0,0,0,0,0,0,0,0,0,0,227,0,0
가짜뉴스,0,0,0,0,0,0,0,0,0,0,0,0,276,0,0,0,0,0,0,0,0,0,165,0,0,0,57.5,115,0,0,0,111,0,0,0,0,0,0,0,0,123,0,0,0,0
간담회,184,167,227,269,225,0,189,264,254,254,408,165,196,270,196,557,453,183,325,277,241,493,234,448,0,0,0,0,0,0,0,0,0,0,0,0,0,0,0,0,0,0,0,0,0
감사원,114,0,0,0,0,0,0,0,0,0,0,0,175,0,0,0,0,0,0,0,0,0,0,0,0,0,0,0,0,0,0,0,0,152,165,139,596,281,0,334,124,195,183,132,768
감사원장,0,0,141,0,0,0,0,0,0,0,0,0,0,0,0,0,0,0,0,0,0,0,0,0,0,0,0,0,0,0,0,0,0,159,0,0,0,0,0,0,0,0,0,0,885
감염병,0,0,0,0,0,0,0,0,0,0,0,0,0,0,0,0,0,0,0,0,0,0,0,0,0,0,0,0,517,324,174,221,432,0,150,333,0,0,155,0,124,0,0,0,0
감염증,0,0,0,0,0,0,0,0,0,0,0,0,0,0,0,0,0,0,0,0,0,0,0,0,0,0,114,228,352,0,0,0,0,0,0,0,0,0,0,0,0,0,0,0,0
강경화,0,0,0,0,0,0,0,0,0,0,0,0,216,0,0,0,0,0,0,162,0,218,254,133,0,141,129.5,118,98,0,0,0,0,0,0,0,400,262,202,0,0,0,0,0,0
강기정,0,0,0,0,0,0,0,0,0,0,0,0,0,0,0,0,0,0,0,0,0,0,0,0,0,308,154,0,0,0,0,0,0,0,0,0,299,0,0,0,0,0,0,0,0
강원도,0,0,0,0,0,0,0,0,0,0,0,0,0,0,0,0,0,0,420,0,0,0,0,0,0,0,57.5,115,0,160,271,0,0,0,0,0,0,0,0,0,0,0,179,130,177
강원랜드,199,0,0,0,138,175,0,0,0,0,0,0,0,0,0,0,0,0,0,0,0,0,0,0,0,0,0,0,0,0,0,0,0,0,0,0,0,0,0,0,0,0,0,0,0
강제징용,0,0,0,0,0,0,0,0,0,0,0,0,0,160,0,0,0,0,0,176,0,561,286,0,164,0,0,0,0,0,0,0,0,0,0,0,0,0,0,0,0,0,0,0,0
강효상,0,0,0,0,0,0,0,0,0,0,0,0,0,0,0,0,0,0,0,545,0,0,0,0,0,0,0,0,0,0,0,0,0,0,0,0,0,0,0,0,0,0,0,0,0
개막식,0,0,0,166,426,0,0,0,0,0,0,0,0,0,0,0,0,0,0,0,0,0,0,0,0,0,0,0,0,0,0,0,0,0,0,0,0,0,0,0,0,0,0,0,0
개성공단,149,0,187,218,0,0,307,227,357,357,223,373,203,0,0,382,332,351,0,239,142,0,0,0,0,0,0,0,0,0,0,0,347,0,0,0,0,0,0,0,0,0,0,0,0
개소식,0,0,0,0,0,0,233,857,0,0,0,183,0,0,0,0,0,0,0,0,0,0,0,0,0,0,0,0,0,0,0,0,0,0,0,0,0,0,0,0,0,0,0,0,0
개정안,163,241,528,373,352,545,403,324,0,0,316,325,224,466,720,291,279,556,652,301,315,330,612,318,518,1071,783,495,339,440,589,1319,1550,1884,1200,1765,1279,2131,4393,933,1446,1221,885,741,958
개천절,0,0,0,0,0,0,0,0,0,0,0,0,0,0,0,0,0,0,0,0,0,0,0,0,0,0,0,0,0,0,0,0,0,0,0,493,235,0,0,0,0,0,0,0,0
개헌안,0,0,167,471,641,3387,773,565,0,0,0,0,0,0,0,0,0,0,0,0,0,0,0,0,0,0,0,0,0,0,0,278,0,0,0,0,0,0,0,0,0,0,0,0,0
거래소,0,0,103,648,129,0,0,0,0,0,0,0,0,0,0,0,0,0,0,0,0,0,0,0,0,0,0,0,0,0,0,0,0,0,0,0,0,0,0,0,0,0,0,0,0
거짓말,0,0,0,0,0,0,0,0,0,0,0,0,0,0,0,0,0,0,0,0,0,0,0,0,0,0,0,0,0,0,0,0,0,0,0,178,207,0,0,0,371,502,433,0,0
검사장,0,0,0,0,0,0,0,0,0,0,0,0,0,0,0,0,0,0,0,0,0,0,0,0,0,0,88.5,177,104,0,0,0,0,477,319,0,228,225,0,0,135,0,0,175,0
검찰_개혁,0,0,0,0,0,0,0,0,0,0,0,0,0,0,0,0,0,0,0,0,0,0,0,560,1110,0,83.5,167,0,0,0,0,0,0,0,0,0,0,294,0,0,0,0,0,0
검찰_수사,0,0,0,196,0,0,0,0,0,0,0,0,0,0,0,0,0,0,0,0,0,0,0,438,0,0,0,0,0,0,0,0,0,0,0,138,0,0,0,0,0,0,0,0,0
검찰_인사,0,0,0,0,0,0,0,0,0,0,0,0,0,0,0,0,0,0,0,0,0,0,0,0,0,0,134,268,0,0,0,0,0,0,0,0,0,0,0,0,174,0,0,0,0
검찰개혁,0,0,0,0,0,0,0,0,0,0,0,0,0,0,0,0,0,0,0,0,0,0,0,810,2412,234,304.5,375,0,0,0,0,0,0,0,215,195,476,1073,323,140,188,243,312,163
검찰총장,0,0,0,0,0,0,0,0,0,0,0,0,0,0,0,0,0,0,0,223,616,487,0,294,384,0,130,260,0,0,0,0,167,372,130,0,591,604,449,188,0,439,219,299,724
결의안,0,129,254,0,0,0,0,0,0,0,0,140,0,157,211,0,146,161,0,0,0,461,160,0,129,325,222.5,120,0,0,0,0,279,0,0,517,0,257,0,167,149,310,0,0,0
경기도,172,101,130,237,199,372,371,522,492,492,0,201,328,256,0,0,0,0,137,171,160,179,120,159,198,216,203,190,155,218,343,188,659,683,422,383,825,536,319,670,376,537,460,441,535
경기도지사,0,0,0,0,0,172,0,245,317,317,0,0,0,0,0,0,0,0,0,0,0,0,0,0,0,0,0,0,0,0,0,0,0,0,0,0,0,0,0,0,0,0,0,0,0
경사노위,0,0,0,0,0,0,0,0,0,0,0,0,0,321,0,272,173,220,0,0,0,0,0,0,0,0,0,0,0,0,0,0,0,0,0,0,0,0,0,0,0,0,0,0,0
경선_연기,0,0,0,0,0,0,0,0,0,0,0,0,0,0,0,0,0,0,0,0,0,0,0,0,0,0,0,0,0,0,0,0,0,0,0,0,0,0,0,0,0,0,0,0,561
경실련,0,0,0,0,0,0,0,0,0,0,0,0,0,0,0,0,0,0,0,0,0,0,0,0,0,0,0,0,0,0,0,0,0,372,123,177,0,0,0,0,0,0,0,0,0
경쟁력,0,0,0,0,0,0,0,0,0,0,0,0,0,0,0,0,0,0,0,0,0,148,162,119,0,0,67.5,135,103,0,0,0,0,0,0,0,0,0,0,0,0,521,0,0,0
경제보복,0,0,0,0,0,0,0,0,0,0,0,0,0,0,0,0,0,0,0,0,0,763,376,0,0,0,0,0,0,0,0,0,0,0,0,0,0,0,0,0,0,0,0,0,0
경제부총리,0,0,0,0,0,0,0,0,0,0,0,0,0,583,242,0,0,0,0,0,0,0,0,0,0,0,0,0,0,0,0,0,0,0,0,0,0,0,0,0,0,0,0,0,0
경제정책,0,0,0,0,0,0,0,0,0,0,231,0,0,210,228,167,0,0,0,0,170,0,0,0,0,0,0,0,0,0,0,0,0,0,0,0,0,0,0,0,0,0,0,0,0
경제협력,0,0,0,0,0,0,182,0,196,196,0,144,0,0,0,0,0,0,0,0,0,0,0,0,0,0,0,0,0,0,0,0,0,0,0,0,0,0,0,0,0,0,0,0,0
경찰청,0,0,0,0,0,0,0,0,0,0,0,0,0,0,0,0,0,0,0,144,0,0,0,0,0,143,71.5,0,0,0,0,0,0,0,0,0,160,0,0,0,0,0,0,0,0
경찰청장,0,0,0,0,0,0,0,0,0,0,0,0,0,0,0,0,0,0,0,132,0,0,0,0,0,0,0,0,0,0,0,0,184,221,0,0,0,0,0,0,0,0,0,0,0
경축사,0,0,0,0,0,0,0,0,0,0,0,0,0,0,0,0,0,0,0,0,0,0,539,0,0,0,0,0,0,0,0,0,0,0,0,0,0,0,0,0,0,0,0,0,0
경합주,0,0,0,0,0,0,0,0,0,0,0,0,0,0,0,0,0,0,0,0,0,0,0,0,0,0,0,0,0,0,0,0,0,0,0,0,283,532,0,0,0,0,0,0,0
고검장,0,0,0,0,0,0,0,0,0,0,0,0,0,0,0,0,0,0,0,0,0,0,0,0,0,0,0,0,0,0,0,0,0,0,0,0,0,0,0,0,0,285,180,0,149
고민정,0,0,0,0,0,0,0,0,0,0,0,0,0,0,0,0,0,0,0,0,0,0,0,0,0,0,58,116,119,122,352,0,0,0,0,0,0,0,0,241,0,311,0,0,0
고위급,0,0,0,1059,1416,302,0,531,262,262,216,0,201,456,0,282,0,0,0,0,0,0,0,0,0,0,0,0,0,0,0,0,0,0,0,0,0,0,0,0,0,234,0,0,0
고위급회담,0,0,0,212,0,199,0,429,0,0,198,0,188,244,0,0,0,0,0,0,0,0,0,0,0,0,0,0,0,0,0,0,0,0,0,0,0,0,0,0,0,0,0,0,0
공공기관,227,0,0,0,0,0,0,0,0,0,0,240,309,0,0,0,0,0,0,0,0,0,0,0,135,0,0,0,0,0,0,0,0,153,0,0,167,0,0,0,0,0,0,0,0
공관위,0,0,0,0,0,180,355,0,0,0,0,0,0,0,0,0,0,0,0,0,0,0,0,0,0,0,153.5,307,1026,1507,0,0,0,0,0,0,0,0,0,0,0,0,0,0,0
공동대표,0,0,0,0,195,245,0,279,181,181,0,0,0,0,0,0,0,0,0,0,0,0,0,0,0,0,0,0,0,0,0,0,0,0,0,0,0,0,0,0,0,0,0,0,0
공동성명,0,0,107,0,0,0,0,0,353,353,0,0,0,0,0,0,0,0,0,0,0,0,0,0,0,0,0,0,0,0,0,0,0,0,0,0,0,0,0,0,0,0,0,412,0
공동조사,0,0,0,0,0,0,0,0,0,0,0,0,0,508,146,0,0,0,0,0,0,0,0,0,0,0,0,0,0,0,0,0,0,0,0,0,0,0,0,0,0,0,0,0,0
공동체,0,178,0,0,0,0,0,0,0,0,164,0,0,0,0,0,0,0,0,0,0,0,0,0,0,140,70,0,0,0,0,0,0,0,138,0,0,0,0,0,0,0,0,0,0
공무원,393,302,662,261,263,445,342,326,380,380,186,198,383,279,291,375,158,186,280,404,227,147,149,171,272,257,284,311,274,215,480,319,352,544,365,1735,2290,605,769,599,629,903,579,565,468
공소장,0,0,0,0,0,0,0,0,0,0,0,0,0,0,0,0,0,0,0,0,0,0,0,0,0,0,0,0,780,0,0,0,0,0,0,0,0,0,0,0,0,0,0,139,0
공수처,114,203,0,156,0,0,0,0,0,0,0,0,0,0,0,0,0,419,1169,282,0,0,0,0,1682,588,521.5,455,140,0,192,194,520,646,394,430,1174,1158,2802,1020,341,235,238,424,311
공수처법,0,0,0,0,0,0,0,0,0,0,0,0,0,0,0,0,0,0,259,0,0,0,0,0,396,149,155.5,162,0,0,0,0,0,0,0,200,310,668,1906,0,0,0,0,0,0
공수처법_개정안,0,0,0,0,0,0,0,0,0,0,0,0,0,0,0,0,0,0,0,0,0,0,0,0,0,0,0,0,0,0,0,0,0,0,0,0,0,0,569,0,0,0,0,0,0
공수처장,0,0,0,0,0,0,0,0,0,0,0,0,0,0,0,0,0,0,0,0,0,0,0,0,0,0,0,0,0,0,0,0,206,263,137,150,388,798,1235,319,0,0,0,0,0
공수처장_후보,0,0,0,0,0,0,0,0,0,0,0,0,0,0,0,0,0,0,0,0,0,0,0,0,0,0,0,0,0,0,0,0,0,0,0,0,0,314,291,0,0,0,0,0,0
공정경제_3법,0,0,0,0,0,0,0,0,0,0,0,0,0,0,0,0,0,0,0,0,0,0,0,0,0,0,0,0,0,0,0,0,0,0,0,239,327,0,0,0,0,0,0,0,0
공정성,0,0,0,0,0,0,0,0,0,0,0,0,0,0,0,0,0,0,0,0,0,0,0,144,165,0,0,0,0,0,0,0,0,0,0,0,0,0,225,0,0,0,0,0,0
공직선거법,0,0,0,0,183,233,0,0,0,0,0,0,0,0,0,0,0,0,0,0,0,0,0,0,0,0,63.5,127,119,168,200,0,0,0,0,0,346,218,151,181,0,0,166,0,0
공직자,135,98,0,166,0,0,0,0,0,0,0,0,0,0,0,147,0,189,164,0,0,0,0,0,233,0,125,250,0,165,0,0,0,923,356,342,239,368,403,456,209,2670,798,358,448
공청회,0,0,108,0,0,0,0,0,0,0,0,0,0,0,0,0,392,0,0,0,0,0,0,0,0,0,0,0,0,0,0,0,0,0,0,0,0,0,249,0,162,0,0,0,0
공화당,121,0,131,182,0,0,0,0,0,0,147,0,283,825,155,0,142,142,0,0,0,142,0,127,245,406,382,358,267,172,0,108,212,281,513,293,540,1544,474,1039,442,182,196,179,0
공휴일,0,0,0,0,0,0,0,0,0,0,0,0,0,0,0,0,0,0,0,0,0,0,0,0,0,0,0,0,0,0,0,0,0,195,0,0,0,0,0,0,0,0,0,0,516
과거사,0,0,0,0,0,0,0,0,0,0,0,0,0,0,0,0,0,0,0,0,0,176,266,0,0,0,0,0,0,0,0,144,0,0,0,0,0,0,0,0,0,0,0,0,0
관리청,0,0,0,0,0,0,0,0,0,0,0,0,0,0,0,0,0,0,0,0,0,0,0,0,0,0,0,0,0,0,0,0,317,0,0,222,0,0,0,0,0,0,0,0,0
광복절,0,0,0,0,0,0,0,0,0,0,191,0,0,0,0,0,0,0,0,0,0,0,752,0,0,0,0,0,0,0,0,0,0,0,641,0,0,0,0,0,0,0,0,0,225
광역단체장,0,0,0,0,0,179,222,0,296,296,0,0,0,0,0,0,0,0,0,0,0,0,0,0,0,0,0,0,0,0,0,0,0,0,0,0,0,0,0,0,0,0,0,0,0
광화문,0,0,0,0,0,0,0,0,0,0,0,0,0,0,0,268,0,0,0,0,0,0,0,0,856,0,0,0,0,0,0,0,0,0,827,198,225,0,0,0,0,0,0,0,0
교섭단체,0,0,0,0,0,249,0,0,0,0,154,139,0,0,0,0,0,240,178,0,196,210,0,206,143,0,0,0,0,0,0,0,0,0,0,0,0,0,0,0,0,0,0,0,0
교육감,0,0,300,283,398,617,609,1373,1506,1506,0,0,0,0,0,0,0,0,0,0,149,0,0,0,0,0,0,0,90,0,0,230,180,193,173,181,0,0,0,170,139,170,265,477,275
교육부,147,0,0,0,0,0,0,0,0,0,191,0,555,0,149,0,0,192,0,0,223,175,0,183,299,0,70.5,141,0,0,0,149,146,157,0,157,268,0,0,0,0,0,0,0,0
교통부,0,0,0,0,0,0,0,0,0,0,0,0,0,0,0,0,0,0,0,0,0,0,0,0,0,0,0,0,0,0,0,0,0,0,0,0,0,0,241,0,119,166,0,0,0
구속영장,0,161,446,166,203,712,0,0,0,0,169,0,0,0,0,0,0,0,0,0,0,0,0,0,125,0,0,0,0,0,0,0,0,0,0,0,0,0,0,0,0,0,0,0,0
구의원,0,0,0,0,0,0,0,0,0,0,0,0,0,0,0,0,0,0,0,0,0,0,0,0,0,351,175.5,0,0,0,0,0,0,0,0,0,0,0,0,0,0,0,0,0,0
구청장,116,0,223,249,353,266,292,407,580,580,184,0,170,148,133,245,157,0,0,0,159,207,127,167,0,126,135.5,145,138,161,0,0,0,0,0,0,0,0,0,0,135,0,0,0,0
구체적,0,0,0,0,0,182,231,196,278,278,148,391,145,0,145,191,272,0,0,0,0,0,0,0,0,0,0,0,0,0,0,0,0,0,0,0,0,0,0,175,0,0,0,163,0
구치소,107,0,0,0,0,373,0,0,0,0,0,0,0,0,0,0,0,0,0,0,0,0,0,0,0,0,0,0,0,0,0,0,0,0,0,0,0,176,0,456,0,0,0,0,0
국무부,191,97,138,0,166,228,0,320,0,0,408,328,417,412,223,227,368,363,0,221,282,460,381,229,287,452,339.5,227,120,0,0,187,323,282,0,361,266,269,300,234,251,374,241,178,253
국무위원장,0,0,0,0,0,0,0,0,0,0,0,0,0,0,0,0,0,0,251,0,220,143,0,0,0,0,0,0,0,0,0,0,0,0,0,0,0,0,0,0,0,0,0,0,0
국무장관,0,0,0,0,0,284,0,346,207,207,0,145,161,0,0,0,0,0,0,0,0,0,0,0,0,0,0,0,0,0,0,0,0,0,0,0,0,0,0,0,0,0,0,0,0
국무총리,0,0,0,0,0,177,0,0,360,360,0,0,0,0,0,212,0,0,0,0,0,140,0,0,217,0,287,574,189,0,0,0,0,0,0,0,0,0,0,0,0,0,372,615,161
국무회의,0,0,0,0,0,169,0,0,0,0,0,0,139,0,0,0,0,0,0,0,0,0,197,0,0,0,0,0,0,0,0,0,0,0,0,0,0,0,0,0,0,0,0,0,0
국민들,288,264,0,420,272,355,306,325,328,328,268,198,210,341,401,396,244,323,301,346,285,0,0,0,0,0,0,0,0,0,0,0,0,0,0,0,0,0,0,0,0,0,0,0,0
국민연금,0,0,0,0,0,0,0,0,0,0,594,0,225,278,239,195,0,0,0,0,0,0,0,0,0,0,0,0,0,0,0,0,0,0,0,0,230,0,0,0,0,293,183,0,0
국민의당,1241,1384,2696,2339,1298,0,0,0,0,0,0,0,0,0,0,0,0,0,0,0,0,0,0,0,0,0,0,0,174,166,205,0,0,0,0,0,0,0,0,299,137,362,282,0,212
국민의힘,0,0,0,0,0,0,0,0,0,0,0,0,0,0,0,0,0,0,0,0,0,0,0,0,0,0,0,0,0,0,0,0,0,0,0,957,916,602,825,630,598,589,734,599,721
국민투표,0,0,120,247,0,304,211,0,0,0,0,0,0,0,0,0,0,0,0,0,0,0,0,0,0,0,0,0,0,0,0,0,0,0,0,0,0,0,0,0,0,0,0,0,0
국민투표법,0,0,0,0,0,0,532,0,0,0,0,0,0,0,0,0,0,0,0,0,0,0,0,0,0,0,0,0,0,0,0,0,0,0,0,0,0,0,0,0,0,0,0,0,0
국방부,481,257,327,348,288,335,312,464,610,610,649,340,549,497,486,454,163,402,312,645,732,972,621,316,455,914,619.5,325,234,0,202,368,749,646,400,1663,948,387,334,290,352,527,302,274,498
국방장관,203,0,0,0,0,0,0,0,195,195,0,0,0,0,0,0,0,0,0,137,218,0,225,0,0,527,263.5,0,120,0,0,0,0,0,0,0,0,0,0,0,0,621,0,0,0
국정감사,437,0,0,0,0,0,0,0,0,0,0,0,933,0,0,0,0,0,0,0,0,0,0,291,771,0,0,0,0,0,0,0,0,0,0,0,709,0,0,0,0,0,0,0,0
국정농단,0,0,207,163,362,0,242,0,0,0,0,0,0,0,0,0,0,0,0,0,0,0,178,0,0,0,0,0,0,0,0,0,0,0,0,0,0,0,0,0,0,0,0,0,0
국정원,1377,2223,1195,2073,776,516,358,369,338,338,175,0,172,221,142,251,171,199,0,336,220,266,193,220,0,285,199.5,114,0,0,0,141,0,432,373,246,0,486,373,0,769,308,0,0,177
국정원장,0,567,107,145,0,0,0,0,0,0,0,0,0,0,0,0,0,0,0,205,0,0,0,0,0,0,0,0,0,0,0,0,0,563,0,0,0,0,0,0,0,0,0,0,0
국정조사,0,0,0,0,0,0,0,0,0,0,0,0,256,481,194,179,0,0,0,0,0,405,0,340,0,0,0,0,0,0,0,0,0,0,0,0,0,295,0,0,0,199,0,0,0
국제사회,101,96,164,290,226,0,228,0,0,0,0,353,227,0,0,159,0,0,0,0,183,0,120,227,0,0,0,0,0,0,0,0,0,0,0,183,0,0,0,0,0,0,0,0,0
국토부,0,0,0,0,0,0,0,0,0,0,0,134,173,0,0,0,0,167,0,0,0,0,0,0,0,0,0,0,0,0,0,113,140,416,241,332,330,380,448,165,559,789,302,293,245
국회_정상화,0,0,0,0,0,0,0,293,0,0,0,0,0,0,0,0,168,0,0,635,839,0,0,0,0,0,0,0,0,0,0,0,0,0,0,0,0,0,0,0,0,0,0,0,0
국회법,0,0,0,0,0,0,0,0,0,0,0,0,0,0,0,0,0,0,323,0,0,0,0,0,0,140,70,0,0,0,0,223,473,240,0,0,0,0,161,0,0,0,0,0,0
국회의원,324,475,682,596,819,1032,1400,1579,1584,1584,629,424,521,547,732,1038,713,831,865,645,748,751,461,623,934,894,1178.5,1463,1385,2195,2877,1528,1334,983,776,1046,695,685,625,720,726,1477,902,644,1181
국회의장,0,0,0,0,0,0,0,486,0,0,152,247,0,0,0,160,0,0,309,126,0,0,0,0,173,0,59.5,119,0,0,0,154,265,0,0,0,0,0,0,0,0,0,0,0,0
군사분계선,0,169,0,0,0,0,714,0,0,0,0,0,0,0,0,0,0,0,0,0,164,168,0,0,0,0,0,0,0,0,0,0,0,0,0,0,0,0,0,0,0,0,0,0,0
권리당원,0,0,0,0,0,0,180,0,0,0,212,0,0,0,0,0,0,0,0,0,0,0,0,0,0,0,0,0,103,134,0,0,0,0,0,0,0,0,0,0,0,0,311,0,0
권익위,0,0,0,0,0,0,0,0,0,0,0,0,0,0,0,0,0,0,0,0,0,0,0,0,0,0,0,0,0,0,0,0,0,0,0,202,0,0,0,0,0,0,0,0,919
권한대행,113,0,0,0,0,0,0,0,537,537,0,0,0,0,0,0,0,0,0,0,0,0,0,0,0,0,0,0,0,0,174,0,0,0,0,0,0,0,0,0,0,0,370,0,0
그린벨트,0,0,0,0,0,0,0,0,0,0,0,0,0,0,0,0,0,0,0,0,0,0,0,0,0,0,0,0,0,0,0,0,0,1041,0,0,0,0,0,0,0,151,0,0,0
그린벨트_해제,0,0,0,0,0,0,0,0,0,0,0,0,0,0,0,0,0,0,0,0,0,0,0,0,0,0,0,0,0,0,0,0,0,547,0,0,0,0,0,0,0,0,0,0,0
근로자,0,0,0,0,0,0,0,0,0,0,0,0,0,0,0,0,0,0,0,0,0,0,0,0,0,0,0,0,0,142,268,144,299,169,124,0,0,0,0,0,0,178,0,0,0
글로벌,0,0,0,0,0,0,0,0,0,0,0,0,161,0,0,0,0,0,0,0,0,136,0,0,0,0,0,0,0,137,0,154,144,0,0,0,181,231,194,237,164,152,240,627,363
금강산,0,0,0,606,0,0,0,0,225,225,651,197,133,192,0,182,355,266,0,0,0,0,0,0,871,597,417,237,0,0,0,0,359,0,0,0,0,0,0,0,0,0,0,0,0
금융위,0,0,0,0,0,0,0,0,0,0,0,0,0,0,0,0,0,0,0,0,0,0,0,0,0,138,69,0,0,0,0,0,0,0,0,0,172,0,0,180,124,0,0,0,0
금지법,0,0,0,0,0,0,0,0,0,0,0,0,0,0,0,0,0,0,0,0,0,0,0,0,0,0,0,0,0,0,0,0,296,0,0,0,0,0,809,190,0,0,262,132,234
금태섭,0,0,0,0,0,0,0,0,0,0,0,0,0,0,0,0,0,0,0,0,0,0,0,0,0,0,0,0,242,123,0,0,281,0,0,0,246,291,157,174,525,0,0,0,0
기념식,0,0,0,0,0,0,0,0,0,0,0,0,181,0,0,0,0,0,0,332,0,0,0,0,123,0,0,0,0,142,0,353,187,0,0,0,0,0,0,0,0,147,0,131,0
기무사,0,0,0,0,0,0,0,0,0,0,746,0,0,0,0,0,0,0,0,0,0,0,0,0,0,0,0,0,0,0,0,0,0,0,0,0,0,0,0,0,0,0,0,0,0
기본소득,0,0,0,0,0,0,0,0,0,0,0,0,0,0,0,0,0,0,0,0,0,0,0,0,0,0,0,0,0,0,0,0,788,0,154,0,0,0,0,0,474,0,0,179,392
기부금,0,0,0,0,0,0,0,0,0,0,0,0,0,0,0,0,0,0,0,0,0,0,0,0,0,0,0,0,0,0,185,356,160,0,0,0,0,0,0,0,0,0,0,0,0
기업인,0,0,0,0,0,0,0,0,0,0,0,0,0,0,0,604,163,0,0,187,0,0,0,0,0,0,0,0,0,0,0,0,0,0,0,0,0,0,0,0,0,0,0,0,0
기자간담회,0,0,0,0,0,0,0,0,0,0,0,0,0,0,0,0,0,0,0,0,0,0,0,511,0,0,0,0,0,0,0,0,0,0,0,0,0,0,0,0,0,0,0,0,0
기자회견,0,0,194,466,132,345,384,384,403,403,0,0,0,169,141,809,237,353,136,307,166,189,126,226,0,120,170,220,168,232,0,398,190,0,0,0,0,0,0,314,0,360,172,131,0
기재부,117,0,109,0,0,0,0,0,0,0,0,318,283,170,295,441,0,144,0,0,0,0,0,0,135,0,0,0,0,131,401,255,0,150,173,158,350,206,0,509,341,265,195,135,155
기초단체장,0,0,0,0,0,181,306,286,380,380,0,0,0,0,0,0,0,0,0,0,0,0,0,0,0,0,0,0,0,0,0,0,0,0,0,0,0,0,0,0,0,0,0,0,0
기초의원,0,0,0,0,0,284,190,245,0,0,0,0,0,0,0,0,0,0,0,0,0,0,0,0,0,0,0,0,0,0,0,0,0,0,0,0,0,0,0,0,0,0,0,0,0
기획관,0,0,0,467,336,210,0,0,0,0,0,0,0,0,0,0,0,0,0,120,0,0,0,0,0,0,0,0,0,0,0,0,0,0,0,0,0,0,0,0,0,0,245,0,0
기획단,0,0,0,0,0,0,0,0,0,0,0,0,0,0,0,0,0,0,0,0,0,0,0,0,0,593,296.5,0,0,0,0,0,0,0,0,0,0,0,0,0,0,0,0,0,265
기획재정부,0,0,0,0,0,0,0,0,0,0,0,0,216,161,204,0,0,0,0,0,0,0,0,0,135,0,0,0,0,0,0,0,0,0,0,0,0,0,0,0,0,0,0,0,0
긴급재난지원금,0,0,0,0,0,0,0,0,0,0,0,0,0,0,0,0,0,0,0,0,0,0,0,0,0,0,0,0,0,123,845,168,0,0,0,0,0,0,0,0,0,0,0,0,0
김경수,0,0,0,0,0,0,1350,1131,628,628,511,0,0,0,0,320,510,0,0,0,0,0,0,0,0,0,0,0,0,0,0,0,0,0,0,0,0,319,0,0,0,0,0,0,0
김관영,0,0,0,0,0,0,0,0,0,0,0,0,0,0,0,0,0,165,375,192,0,0,0,0,0,0,0,0,0,0,0,0,0,0,0,0,0,0,0,0,0,0,0,0,0
김기식,0,0,0,0,0,0,1282,0,0,0,0,0,0,0,0,0,0,0,0,0,0,0,0,0,0,0,0,0,0,0,0,0,0,0,0,0,0,0,0,0,0,0,0,0,0
김남국,0,0,0,0,0,0,0,0,0,0,0,0,0,0,0,0,0,0,0,0,0,0,0,0,0,0,0,0,269,0,193,0,0,0,0,0,0,0,150,0,0,0,0,0,0
김대중,0,0,136,0,0,0,0,0,0,0,131,0,0,0,0,0,0,0,181,141,508,0,229,0,0,0,0,0,0,0,0,0,190,0,149,0,0,175,0,0,192,0,0,0,245
김동연,140,0,0,195,0,0,0,0,200,200,323,129,325,417,0,0,0,0,0,0,0,0,0,0,0,0,0,0,0,0,0,0,0,0,0,0,0,0,0,0,0,0,0,129,0
김두관,0,0,0,0,0,0,0,0,0,0,0,0,0,0,0,0,0,0,0,0,0,0,0,0,0,0,69.5,139,150,0,150,0,166,0,0,0,0,0,156,0,0,0,0,0,0
김명수,0,0,0,0,0,0,0,0,0,0,0,0,0,0,0,0,0,0,0,0,0,0,0,0,0,0,0,0,0,0,0,0,0,0,0,0,0,0,0,0,781,0,0,0,0
김문수,0,0,0,0,0,0,306,340,404,404,0,0,0,0,0,0,0,0,0,0,0,0,0,0,0,0,0,0,0,0,0,0,0,0,0,0,0,0,0,0,0,0,0,0,0
김병준,0,0,0,0,0,0,0,0,0,0,343,248,191,349,172,217,195,0,0,0,0,0,0,0,0,0,0,0,0,182,0,0,0,0,0,0,0,0,0,0,0,0,0,0,0
김봉현,0,0,0,0,0,0,0,0,0,0,0,0,0,0,0,0,0,0,0,0,0,0,0,0,0,0,0,0,0,0,0,0,0,0,0,0,580,0,0,0,0,0,0,0,0
김부겸,0,0,0,0,0,0,0,0,0,0,0,0,0,0,0,0,0,0,0,0,0,0,0,0,0,0,0,0,0,152,312,0,181,718,602,0,0,0,0,0,0,0,366,715,0
김부선,0,0,0,0,0,0,0,0,517,517,0,0,0,0,0,0,0,0,0,0,0,0,0,0,0,0,0,0,0,0,0,0,0,0,0,0,0,0,0,0,0,0,0,0,0
김상조,0,0,0,0,0,0,0,0,0,0,0,0,0,0,0,0,0,0,0,0,286,202,0,0,0,0,0,0,0,0,0,0,0,0,0,0,0,0,0,0,0,279,0,0,0
김성태,0,0,457,176,208,0,227,611,549,549,258,262,225,402,212,0,0,0,0,0,0,0,0,0,0,0,0,0,0,0,0,0,0,0,0,0,0,0,0,0,0,0,0,0,0
김세연,0,0,0,0,0,0,0,0,0,0,0,0,0,0,0,0,0,0,0,0,0,0,0,0,0,347,173.5,0,0,0,0,0,0,0,0,0,0,0,0,0,0,0,0,0,0
김순례,0,0,0,0,0,0,0,0,0,0,0,0,0,0,0,0,603,0,0,0,0,0,0,0,0,0,0,0,0,0,0,0,0,0,0,0,0,0,0,0,0,0,0,0,0
김어준,0,0,0,0,0,0,0,0,0,0,0,0,0,0,0,0,0,0,0,0,0,0,0,0,0,0,0,0,0,0,0,0,0,0,0,0,0,0,0,0,0,0,695,134,169
김여정,0,0,0,0,2154,289,340,0,0,0,0,134,0,0,0,0,0,0,0,0,378,0,0,0,0,0,0,0,0,238,273,110,1603,167,225,0,0,0,226,358,0,267,0,0,145
김연철,0,0,0,0,0,0,0,0,0,0,0,0,0,0,0,0,0,313,507,0,0,0,0,0,0,137,68.5,0,0,0,0,0,245,0,0,0,0,0,0,0,0,0,0,0,0
김영남,0,0,0,0,874,0,0,0,0,0,0,192,0,0,0,0,0,0,0,0,0,0,0,0,0,0,0,0,0,0,0,0,0,0,0,0,0,0,0,0,0,0,0,0,0
김영철,0,0,0,0,1805,222,279,498,510,510,0,0,0,165,0,596,0,0,171,0,208,0,0,0,0,0,0,0,0,0,0,0,0,0,0,0,0,0,0,0,0,0,0,0,0
김영춘,0,0,0,0,0,0,0,0,0,0,0,0,0,0,0,0,0,0,0,0,0,0,0,0,0,0,0,0,0,0,0,0,0,0,0,0,0,0,0,0,149,639,449,0,0
김오수,0,0,0,0,0,0,0,0,0,0,0,0,0,0,0,0,0,0,0,0,0,0,0,0,0,0,0,0,0,0,0,0,0,0,0,0,0,0,0,0,0,0,0,855,209
김용균,0,0,0,0,0,0,0,0,0,0,0,0,0,0,531,0,242,0,0,0,0,0,0,0,0,0,0,0,0,0,0,0,0,0,0,0,0,0,339,0,0,0,0,0,0
김원봉,0,0,0,0,0,0,0,0,0,0,0,0,0,0,0,0,0,0,0,0,505,0,0,0,0,0,0,0,0,0,0,0,0,0,0,0,0,0,0,0,0,0,0,0,0
김일성,0,0,0,0,318,0,0,0,0,0,0,0,0,0,0,0,141,0,156,0,0,0,0,0,0,0,0,0,0,0,195,0,0,0,0,0,0,0,0,0,0,0,175,0,0
김정은,158,213,183,467,1287,2458,3915,3218,3350,3350,662,3632,1127,888,1584,1916,3025,1913,2394,802,2414,1136,908,707,933,702,818,934,274,554,1803,1362,1424,678,603,1176,997,423,279,1171,544,351,301,191,577
김정은_위원장,0,0,0,0,176,467,643,586,715,715,0,960,215,149,301,313,566,232,322,0,484,154,0,0,0,0,72,144,0,0,151,0,207,0,0,0,0,0,0,0,0,0,0,0,0
김정일,0,0,0,0,167,295,264,0,0,0,0,192,0,0,147,0,0,0,0,0,0,0,0,0,0,0,0,0,0,0,0,0,0,0,0,0,0,0,0,0,0,0,0,0,0
김종인,0,0,0,0,0,0,0,0,0,0,0,0,0,0,0,0,0,0,0,0,0,0,0,0,0,0,0,0,0,540,2244,1008,1117,332,774,1035,753,655,803,842,448,799,861,196,217
김종인_비대위,0,0,0,0,0,0,0,0,0,0,0,0,0,0,0,0,0,0,0,0,0,0,0,0,0,0,0,0,0,0,503,395,0,0,0,0,0,0,0,0,0,0,0,0,0
김종철,0,0,0,0,0,0,0,0,0,0,0,0,0,0,0,0,0,0,0,0,0,0,0,0,0,0,0,0,0,0,0,0,0,0,0,0,195,0,0,415,0,0,0,0,0
김종필,0,0,0,0,0,0,0,0,348,348,0,0,0,0,0,0,0,0,0,0,0,0,0,0,0,0,0,0,0,0,0,0,0,0,0,0,0,0,0,0,0,0,0,0,0
김진욱,0,0,0,0,0,0,0,0,0,0,0,0,0,0,0,0,0,0,0,0,0,0,0,0,0,0,0,0,0,0,0,0,0,0,0,0,0,0,307,360,0,0,0,0,0
김진태,0,0,0,0,0,0,0,0,0,0,0,0,0,0,0,0,1463,0,0,0,0,0,0,0,0,0,0,0,0,0,0,0,0,0,0,0,0,0,0,0,0,0,0,0,0
김태년,0,0,0,0,0,0,0,0,0,0,0,0,0,0,0,0,0,0,0,0,0,0,0,0,0,0,0,0,0,0,0,617,418,355,227,193,178,167,143,0,137,271,207,0,0
김태우,0,0,0,0,0,0,0,0,0,0,0,0,0,0,607,537,159,0,0,0,0,0,0,0,0,0,0,0,0,0,0,0,0,0,0,0,0,0,0,0,0,0,0,0,0
김태호,0,0,0,0,0,0,215,284,335,335,0,0,0,0,0,0,0,0,0,0,0,0,0,0,0,0,0,0,107,0,0,0,0,0,0,0,0,0,0,0,0,0,0,0,0
김학의,0,0,0,0,0,0,0,0,0,0,0,0,0,0,0,0,0,477,0,0,0,0,0,0,0,0,0,0,0,0,0,0,0,0,0,0,0,0,0,183,0,0,161,162,0
김해신,0,0,0,0,0,0,0,0,0,0,0,0,0,0,0,0,0,0,0,0,0,0,0,0,0,0,0,0,0,0,0,0,0,0,0,0,0,570,0,0,0,0,0,0,0
김현미,0,0,0,0,0,0,0,0,0,0,0,0,0,0,0,0,0,0,0,0,0,0,0,0,0,0,0,0,0,0,0,0,0,477,185,0,0,275,334,0,0,0,0,0,0
김형오,0,0,0,0,0,0,0,0,0,0,0,0,0,0,0,0,0,0,0,0,0,0,0,0,0,0,92,184,289,446,0,0,0,0,0,0,0,0,0,0,0,0,0,0,0
나경원,0,0,0,0,0,0,0,0,0,0,0,0,0,0,677,373,237,848,581,746,573,579,399,602,616,735,367.5,0,0,117,259,0,0,0,0,0,179,163,197,713,970,227,0,656,600
남경필,0,0,0,187,0,0,0,519,408,408,0,0,0,0,0,0,0,0,0,0,0,0,0,0,0,0,0,0,0,0,0,0,0,0,0,0,0,0,0,0,0,0,0,0,0
남북_정상,0,0,0,0,0,0,435,0,0,0,0,288,0,0,0,0,0,0,0,0,0,0,0,0,0,0,0,0,0,0,0,0,0,0,0,0,0,0,0,0,0,0,0,0,0
남북_정상회담,0,0,0,0,170,490,1203,365,0,0,191,326,0,0,0,0,0,0,0,0,0,0,0,0,0,0,0,0,0,0,0,0,0,0,0,0,0,0,0,0,0,0,0,0,0
남북경협,0,0,0,0,0,0,0,0,205,205,0,208,0,0,0,0,174,0,0,0,0,0,0,0,0,0,0,0,0,0,0,0,0,0,0,0,0,0,0,0,0,0,0,0,0
남북관계,0,0,0,818,538,316,478,332,0,0,217,757,323,258,228,0,0,146,217,122,0,0,120,0,191,134,152,170,0,0,0,0,633,245,0,208,0,0,0,0,0,0,0,0,0
남북대화,0,0,0,442,208,0,0,0,0,0,0,0,0,0,0,0,0,0,0,0,0,0,0,0,0,0,0,0,0,0,0,0,0,0,0,0,0,0,0,0,0,0,0,0,0
남북정상회담,0,0,0,0,283,1037,3568,1436,0,0,673,2724,217,0,139,0,0,0,439,0,214,0,0,0,0,0,0,0,0,0,0,0,0,0,0,0,0,0,0,0,151,0,0,0,0
남북한,0,0,0,260,142,0,340,188,0,0,0,190,0,0,0,0,0,0,0,0,0,0,0,0,0,0,0,0,0,0,0,0,0,0,0,0,0,0,0,0,0,0,0,0,0
내곡동,0,0,0,0,0,0,0,0,0,0,0,0,0,0,0,0,0,0,0,0,0,0,0,0,0,0,0,0,0,0,0,0,0,0,0,0,0,0,0,0,0,1566,985,0,0
내년_총선,0,0,0,0,0,0,0,0,0,0,0,0,0,0,0,0,0,0,313,187,227,254,178,161,156,287,143.5,0,0,0,0,0,0,0,0,0,0,0,0,0,0,0,0,0,0
내년도,0,0,0,0,0,0,0,0,0,0,0,0,0,307,296,0,0,0,0,0,0,0,0,0,0,0,0,0,0,0,0,0,0,0,0,0,0,0,0,0,0,0,0,0,0
내정자,0,0,0,0,0,164,0,0,0,0,0,0,0,0,0,0,0,0,0,0,0,0,123,0,0,0,0,0,0,0,0,266,0,221,0,0,0,185,533,0,0,0,0,0,0
네거티브,0,0,0,0,0,0,0,182,209,209,0,0,0,0,0,0,0,0,0,0,0,0,0,0,0,0,0,0,0,0,0,0,0,0,0,0,0,0,0,0,0,258,241,0,0
노동계,202,0,0,0,0,0,0,0,0,0,0,0,0,247,0,196,0,0,0,0,0,0,0,0,0,0,0,0,0,0,0,0,0,0,0,0,0,0,0,0,0,0,0,0,0
노동당,202,114,0,0,607,317,328,186,0,0,0,234,0,0,0,0,156,0,241,0,163,0,0,0,0,0,77.5,155,0,0,184,136,420,0,252,0,226,0,0,456,0,0,0,0,0
노동자,139,0,121,234,0,0,0,299,188,188,236,0,0,134,193,0,0,0,154,0,0,152,0,0,0,0,80.5,161,115,208,301,426,277,190,151,321,713,525,317,350,356,149,190,218,214
노무현,196,107,0,331,0,217,291,265,206,206,229,159,170,0,0,0,0,0,0,742,0,0,0,0,0,0,102,204,127,116,175,506,147,285,161,0,0,277,306,177,264,297,210,591,213
노사정,0,0,0,298,0,0,0,0,0,0,0,0,0,0,0,0,0,0,0,0,0,0,0,0,0,0,0,0,0,0,0,159,150,501,0,0,0,0,0,0,0,0,0,0,0
노영민,0,0,0,0,0,0,0,0,0,0,0,0,0,0,0,447,0,0,0,0,0,0,0,0,0,242,121,0,0,0,0,0,0,267,391,0,0,168,147,0,0,0,0,0,0
뉴질랜드,0,0,0,0,0,0,0,0,0,0,0,0,0,0,239,0,0,0,0,0,0,0,0,0,0,0,0,0,0,0,0,0,0,0,439,0,0,0,0,0,0,0,0,0,0
다주택,0,0,0,0,0,0,0,0,0,0,0,0,0,0,0,0,0,0,0,0,0,0,0,0,0,0,0,0,0,0,0,0,0,701,338,0,0,0,0,0,0,0,0,0,0
다주택자,0,0,0,0,0,0,0,0,0,0,0,0,0,0,0,0,0,0,0,0,0,0,0,0,0,0,0,0,0,0,0,0,142,1365,521,0,0,0,0,232,0,0,0,196,0
단거리,0,0,0,0,0,0,0,0,0,0,0,0,0,0,0,0,0,0,0,1436,0,0,0,0,0,0,0,0,0,364,0,0,0,0,0,0,0,0,0,0,0,0,0,0,0
단거리_미사일,0,0,0,0,0,0,0,0,0,0,0,0,0,0,0,0,0,0,0,418,0,201,120,0,0,0,0,0,0,0,0,0,0,0,0,0,0,0,0,0,0,0,0,0,0
단일팀,0,0,0,1031,711,0,0,254,0,0,183,0,0,0,0,0,0,0,0,0,0,0,0,0,0,0,0,0,0,0,0,0,0,0,0,0,0,0,0,0,0,0,0,0,0
단일화,0,0,162,0,166,416,497,924,642,642,0,0,0,0,0,0,0,423,0,0,0,0,0,0,0,0,0,0,0,0,268,0,0,0,0,0,0,0,160,1102,887,2084,0,0,200
단체장,102,98,0,0,0,164,185,221,326,326,0,0,0,0,0,0,0,0,0,0,0,0,0,0,0,0,0,0,0,0,0,0,0,151,0,0,0,0,0,0,0,186,249,137,203
당국자,0,0,109,243,142,0,0,0,0,0,0,0,0,0,133,0,0,217,0,130,187,0,0,0,0,0,0,0,0,0,0,0,0,0,0,0,0,0,0,0,0,0,0,0,0
당대표,0,184,0,0,0,0,0,0,0,0,943,172,0,0,0,308,489,0,0,0,145,0,0,0,0,0,0,0,0,0,0,0,0,0,0,0,0,0,0,0,0,0,169,372,296
당선인,0,0,0,0,0,0,0,0,2430,2430,0,0,0,0,0,0,0,0,0,0,0,0,0,0,0,0,0,0,0,0,2621,4043,0,0,0,0,0,2909,785,685,0,0,180,0,0
당선자,0,0,0,0,0,0,0,0,2265,2265,0,0,0,0,0,0,0,216,0,0,0,0,0,0,0,0,78.5,157,0,0,1796,2317,0,0,0,0,0,373,0,0,0,0,0,0,0
당정청,0,0,0,0,0,0,0,0,0,0,197,0,0,0,0,0,0,0,160,230,0,0,156,0,144,0,0,0,151,119,0,111,0,0,132,209,0,0,0,0,0,0,0,0,0
당협위원장,0,0,440,245,0,0,0,0,0,0,0,187,131,0,448,182,0,0,0,0,0,0,0,0,0,0,0,0,0,0,0,0,0,0,0,0,0,0,0,0,0,0,0,0,0
대기업,242,119,150,0,0,0,0,0,0,0,224,177,164,144,0,494,0,0,0,0,0,172,0,0,0,0,0,0,0,0,0,0,0,0,0,0,0,0,0,0,0,0,0,0,0
대법관,0,0,168,0,0,0,0,0,0,0,140,0,0,130,130,0,0,0,0,0,0,0,0,0,0,0,0,0,0,0,0,0,0,0,0,141,0,0,0,0,0,0,0,0,0
대법원,141,0,245,148,277,0,199,200,200,200,401,211,362,316,240,231,177,0,0,166,181,492,613,125,275,406,203,0,0,0,0,0,133,304,0,146,200,171,0,175,173,0,0,0,0
대법원장,0,0,0,0,0,0,0,0,0,0,0,0,185,0,0,257,0,0,0,0,0,0,0,0,0,0,0,0,0,0,0,0,0,0,0,0,0,0,0,0,1562,0,0,0,0
대변인,665,542,687,1023,988,1391,1176,1160,1198,1198,1268,932,812,931,831,1147,918,1602,1136,1106,1275,1009,1054,819,782,884,1049,1214,1267,936,621,920,854,913,1049,956,853,665,1125,930,599,1164,711,868,1197
대북_전단,0,0,0,0,0,0,0,0,0,0,0,0,0,0,0,0,0,0,0,0,0,0,0,0,0,0,0,0,0,0,0,0,537,0,0,0,0,0,0,0,0,0,0,0,0
대북_제재,0,0,0,0,0,0,0,0,0,0,167,172,246,153,0,0,0,165,0,0,0,0,0,0,0,0,0,0,0,0,0,0,0,0,0,0,0,0,0,0,0,0,0,0,0
대북전단,0,0,0,0,0,0,0,0,0,0,0,0,0,0,0,0,0,0,0,0,0,0,0,0,0,0,0,0,0,0,0,0,508,0,0,0,0,0,0,0,0,0,0,0,0
대북전단_살포,0,0,0,0,0,0,0,0,0,0,0,0,0,0,0,0,0,0,0,0,0,0,0,0,0,0,0,0,0,0,0,0,910,0,0,0,0,0,0,0,0,0,0,0,0
대북제재,0,0,124,158,224,0,0,0,0,0,437,368,527,376,264,170,212,458,276,135,0,220,0,0,0,0,0,0,0,0,0,0,0,0,0,0,0,0,0,0,0,0,0,0,0
대사관,0,0,106,0,0,0,0,0,0,0,0,0,0,0,0,0,219,240,157,0,0,0,0,0,0,0,86.5,173,0,0,0,0,0,0,0,0,262,0,0,0,0,0,0,0,0
대의원,0,0,0,0,0,0,0,0,0,0,311,0,0,0,0,0,0,197,0,0,0,0,0,0,0,0,0,0,122,213,0,0,0,283,347,0,0,0,0,0,0,0,152,0,0
대정부,0,0,0,0,0,0,0,0,0,0,0,0,143,0,0,0,0,0,0,0,0,0,0,208,0,0,0,0,0,117,0,0,0,228,0,527,0,0,0,0,178,0,257,0,0
대정부질문,0,0,0,0,0,0,0,0,0,0,0,164,173,0,0,0,0,0,0,0,0,0,0,392,0,0,0,0,0,0,0,0,0,0,0,0,0,0,0,0,0,0,0,0,0
대주주,0,0,0,0,0,0,0,0,0,0,0,0,0,0,0,0,0,0,0,0,0,0,0,0,0,0,0,0,0,0,0,0,0,0,0,0,502,404,0,0,0,0,0,0,0
대통령,10829,13595,9932,12538,11608,19495,16532,16491,14455,14455,10175,14918,9756,10140,9735,12254,12261,11681,12569,11989,13938,10818,9560,11542,12512,10283,10359,10435,7850,8508,7869,8013,9657,10646,9786,10095,11282,17414,13750,15677,8917,9532,9455,12504,9757
대통령_개헌안,0,0,0,0,0,727,0,0,0,0,0,0,0,0,0,0,0,0,0,0,0,0,0,0,0,0,0,0,0,0,0,0,0,0,0,0,0,0,0,0,0,0,0,0,0
대통령제,0,0,0,0,155,356,0,0,0,0,0,0,0,0,0,0,0,0,0,0,0,0,0,0,0,0,0,0,0,0,0,0,0,0,0,0,0,0,0,0,0,0,0,0,0
대한민국,283,310,360,666,515,593,515,488,455,455,300,276,273,227,249,356,332,442,500,336,698,575,647,437,0,0,0,0,0,0,0,0,0,0,0,0,0,0,0,0,0,0,0,0,0
더불어민주당,494,313,377,674,489,805,1118,1536,1858,1858,729,424,598,536,673,792,483,663,724,730,552,754,611,624,895,718,876,1034,1031,2016,3006,1028,1185,1511,1388,1214,1111,1037,1032,1072,1016,1519,1685,953,1226
더불어시민당,0,0,0,0,0,0,0,0,0,0,0,0,0,0,0,0,0,0,0,0,0,0,0,0,0,0,0,0,0,652,877,168,0,0,0,0,0,0,0,0,0,0,0,0,0
데이터,0,0,0,0,0,0,0,0,0,0,0,0,0,0,0,0,0,0,0,0,0,0,0,0,0,309,243.5,178,0,0,0,0,0,0,0,0,0,0,0,0,0,0,0,0,0
도널드,0,166,0,0,0,0,0,201,215,215,0,0,0,0,0,0,207,0,0,0,207,0,0,0,0,0,0,0,0,0,0,0,0,0,0,0,178,180,0,0,0,0,0,0,0
도의원,0,103,130,215,200,548,387,455,348,348,0,0,0,0,0,0,0,0,0,0,0,0,0,0,0,0,0,0,0,149,0,0,0,0,0,0,0,0,0,0,0,214,175,0,164
도지사,0,0,115,210,248,246,279,370,392,392,147,0,0,0,0,0,0,0,0,0,0,0,0,0,0,0,0,0,0,0,0,0,0,0,0,0,0,0,0,0,0,0,0,0,135
동계올림픽,0,0,169,567,391,0,0,0,0,0,0,0,0,0,0,0,0,0,0,0,0,0,0,0,0,0,0,0,0,0,0,0,0,0,0,0,0,0,0,0,0,0,0,0,0
동북아,0,0,0,0,0,0,0,228,193,193,0,138,0,0,0,0,0,0,0,0,0,0,160,0,0,0,0,0,0,0,0,0,0,0,0,0,0,0,0,0,0,0,0,0,0
동창리,0,0,0,0,0,0,0,0,0,0,0,131,0,0,0,0,0,617,0,0,0,0,0,0,0,0,0,0,0,0,0,0,0,0,0,0,0,0,0,0,0,0,0,0,0
돼지열병,0,0,0,0,0,0,0,0,0,0,0,0,0,0,0,0,0,0,0,133,211,0,0,385,183,0,0,0,0,0,0,0,0,0,0,0,0,0,0,0,0,0,0,0,0
드루킹,0,0,0,0,0,0,2483,2717,578,578,1067,0,0,0,0,188,272,137,0,0,0,0,0,0,0,0,0,0,0,0,0,0,0,0,0,0,0,0,0,0,0,0,0,0,0
득표율,0,0,0,0,0,0,0,0,398,398,0,0,0,0,0,0,0,0,0,0,0,0,0,0,0,0,0,0,0,0,207,0,0,0,0,0,0,0,0,0,0,0,0,0,0
디지털,0,0,0,0,0,0,0,0,0,0,0,0,0,0,0,0,0,0,0,0,0,0,0,0,0,0,73.5,147,0,327,268,380,257,353,130,194,273,282,154,272,120,266,0,186,255
라디오,0,0,0,0,0,0,0,0,0,0,0,0,0,0,0,0,0,0,0,0,0,0,0,0,0,0,0,0,0,0,0,0,0,0,156,0,0,0,0,0,152,0,202,0,222
러시아,438,324,584,380,289,742,635,469,1542,1542,522,744,719,579,409,356,354,778,2206,552,522,1206,525,329,436,270,239.5,209,248,119,170,185,292,277,196,185,182,163,232,176,184,327,378,235,424
리더십,0,0,0,0,0,0,0,0,0,0,0,0,0,0,0,0,0,0,0,0,0,0,0,0,0,170,85,0,0,0,182,165,0,0,0,0,0,0,0,0,0,0,196,185,153
리설주,0,0,0,0,0,0,395,0,0,0,0,234,0,0,0,0,0,0,0,0,0,0,0,0,0,0,0,0,0,0,0,0,0,0,0,0,0,0,0,0,0,0,0,0,0
리얼미터,0,0,0,0,0,0,0,0,0,0,185,0,0,0,128,148,139,143,0,184,0,0,0,152,184,116,58,0,0,0,0,0,0,0,190,0,0,0,189,0,0,0,0,0,0
마스크,0,0,0,0,0,0,0,0,0,0,0,0,0,0,0,0,0,0,0,0,0,0,0,0,0,0,0,0,820,1799,631,462,0,336,222,160,476,191,163,199,0,0,0,223,0
마지막,0,0,162,0,141,212,187,202,519,519,274,148,0,0,228,0,183,0,141,124,149,0,0,0,0,0,0,0,0,0,0,0,0,0,0,0,0,0,0,0,0,0,0,0,0
말레이시아,0,0,0,0,0,0,0,0,0,0,0,0,0,0,0,0,0,547,0,0,0,0,0,0,0,0,0,0,0,0,0,0,0,0,0,0,0,0,0,0,0,172,0,0,0
매티스,359,0,0,0,0,0,0,0,373,373,161,0,0,150,273,0,0,0,0,0,0,0,0,0,0,0,0,0,0,0,0,0,0,0,0,0,0,0,0,0,0,0,0,0,0
매티스_장관,171,0,0,0,0,0,0,0,202,202,0,0,0,0,151,0,0,0,0,0,0,0,0,0,0,0,0,0,0,0,0,0,0,0,0,0,0,0,0,0,0,0,0,0,0
메시지,203,188,131,171,369,335,400,265,0,0,131,368,0,0,313,0,0,196,384,176,360,224,429,357,272,260,387,514,145,380,283,173,380,298,333,517,371,355,244,411,139,307,222,282,502
목소리,147,124,129,170,134,164,0,192,217,217,177,158,155,236,231,244,204,190,175,195,184,0,0,0,0,0,0,0,0,0,0,0,0,0,0,0,0,0,0,0,0,0,0,0,0
무소속,0,0,0,220,240,426,780,1467,1297,1297,0,0,0,0,0,204,0,0,0,0,0,0,123,140,0,194,97,0,0,354,283,0,0,0,0,0,0,0,0,0,0,0,0,0,0
무소속_출마,0,0,0,0,0,0,0,0,0,0,0,0,0,0,0,0,0,0,0,0,0,0,0,0,0,0,0,0,0,782,0,0,0,0,0,0,0,0,0,0,0,0,0,0,0
문재인,1343,1201,1360,1628,1784,1862,2952,2752,1814,1814,1901,2898,1477,1534,1597,2019,1281,1683,1978,2427,1805,1780,1798,2164,2396,2018,2174.5,2331,1818,1722,2298,1276,1667,2012,2034,1808,1448,1690,2498,2690,1756,2445,2274,2644,1818
문재인_대통령,408,423,496,530,620,713,1103,1000,537,537,531,1661,607,531,534,611,437,516,631,600,701,652,509,737,773,637,578.5,520,515,456,386,408,482,461,516,618,433,470,650,695,459,507,451,756,481
문재인_정권,0,0,0,0,0,0,0,0,0,0,0,0,0,0,0,0,0,0,0,0,0,0,0,140,149,0,85,170,200,149,208,0,0,0,0,0,0,0,195,0,0,0,0,0,0
문재인_정부,372,233,218,294,167,0,0,323,247,247,283,150,0,177,216,272,0,324,273,436,217,293,293,186,296,326,325.5,325,160,242,435,200,305,430,414,256,252,198,287,430,336,513,548,495,405
문희상,0,0,0,0,0,0,0,0,0,0,0,145,0,0,0,0,0,0,241,0,0,0,0,0,0,130,126,122,0,0,0,121,0,0,0,0,0,0,0,0,0,0,0,0,0
물갈이,0,0,0,0,0,0,0,0,0,0,0,0,0,0,0,0,0,0,0,0,0,0,0,121,0,231,189.5,148,211,0,0,0,0,0,0,0,0,0,0,0,0,0,0,0,0
미국_대통령,0,433,0,0,0,0,0,0,0,0,0,0,0,0,0,0,139,0,0,0,198,0,0,0,0,0,0,0,0,0,0,0,0,0,0,0,0,264,0,0,0,0,0,0,0
미국인,0,0,0,0,0,0,0,526,0,0,0,0,0,0,0,0,0,0,0,0,0,0,0,0,0,0,0,0,0,0,0,0,0,0,0,0,0,0,0,0,0,0,0,0,0
미래당,0,0,0,0,318,0,0,0,0,0,0,0,0,0,0,0,0,0,0,0,0,0,0,0,0,0,87.5,175,0,0,0,0,0,0,0,0,0,0,0,0,0,0,0,0,0
미래통합당,0,0,0,0,0,0,0,0,0,0,0,0,0,0,0,0,0,0,0,0,0,0,0,0,0,0,0,0,833,1040,1135,392,284,315,269,0,0,0,0,0,0,0,0,0,0
미래한국당,0,0,0,0,0,0,0,0,0,0,0,0,0,0,0,0,0,0,0,0,0,0,0,0,0,0,0,0,644,1239,464,522,0,0,0,0,0,0,0,0,0,0,0,0,0
미사일,1011,871,1420,657,568,554,555,308,536,536,301,572,303,657,253,481,509,1265,221,2679,383,1657,2895,534,971,701,767.5,834,150,507,390,317,472,443,430,491,796,337,157,441,272,1610,432,792,253
미사일_발사,0,0,0,0,0,0,0,0,0,0,0,0,0,0,0,0,0,0,0,133,0,159,216,0,0,0,0,0,0,0,0,0,0,0,0,0,0,0,0,0,0,0,0,0,0
미세먼지,0,0,0,288,0,294,242,324,193,193,0,0,0,0,0,376,0,1837,474,214,138,0,0,0,0,0,0,0,0,0,0,0,0,0,0,0,0,0,0,0,0,0,0,0,0
미얀마,0,0,0,0,0,0,0,0,0,0,0,0,0,0,0,0,0,0,0,0,0,0,0,331,0,0,0,0,0,0,0,0,0,0,0,0,0,0,0,0,349,395,236,178,0
민간인,0,0,0,149,0,0,0,0,0,0,0,0,0,0,713,228,0,0,0,0,0,0,0,0,0,0,0,0,0,0,0,0,0,0,0,0,0,0,0,0,0,0,0,0,0
민경욱,0,0,0,0,0,0,0,0,0,0,0,0,0,0,0,0,0,0,0,0,0,0,0,0,0,0,0,0,0,235,0,373,0,0,0,0,0,0,0,0,0,0,0,0,0
민생당,0,0,0,0,0,0,0,0,0,0,0,0,0,0,0,0,0,0,0,0,0,0,0,0,0,0,0,0,0,774,573,0,0,0,0,0,0,0,0,0,0,0,0,0,0
민정수석,0,0,0,0,0,0,0,0,0,0,0,0,0,0,681,0,0,0,250,0,134,479,272,0,0,0,0,0,0,0,0,0,0,0,0,0,0,0,0,0,499,0,0,0,0
민주노총,163,0,136,219,0,0,0,190,0,0,0,0,0,560,0,296,0,0,194,0,368,197,0,0,0,0,0,0,0,0,0,0,0,305,0,0,0,0,0,0,0,0,0,0,0
민주당,1195,988,1786,2217,2279,3454,5150,4747,5582,5582,2509,1353,1673,3076,2970,3206,2443,3293,3648,2995,2747,3028,2328,3149,3638,3405,4383,5361,6426,8357,10451,4556,6644,7054,6601,4775,5584,7952,6023,5819,4581,6171,7611,5088,6404
민주주의,136,121,0,0,0,0,0,226,0,0,0,0,0,0,0,0,284,0,183,203,238,136,119,119,247,0,59,118,115,0,220,116,300,193,364,0,0,343,484,303,212,310,218,321,322
민주평화당,0,0,0,0,358,255,248,342,332,332,206,0,0,151,192,145,139,196,274,165,140,195,216,0,0,0,0,0,152,0,0,0,0,0,0,0,0,0,0,0,0,0,0,0,0
민중당,0,0,0,0,0,0,0,0,0,0,0,0,0,0,0,0,0,155,0,0,0,0,0,0,0,0,0,0,100,245,170,0,0,0,0,0,0,0,0,0,0,0,0,0,0
민평당,0,0,0,0,560,0,0,0,0,0,0,0,0,0,0,0,0,0,0,0,0,0,0,0,0,0,0,0,0,0,0,0,0,0,0,0,0,0,0,0,0,0,0,0,0
바른미래당,0,0,0,0,1015,1318,1711,2131,2089,2089,933,1003,742,1020,1723,835,755,1313,2920,1467,1129,1269,954,1302,1252,467,665,863,569,0,0,0,0,0,0,0,0,0,0,0,0,0,0,0,0
바른정당,1311,1861,1167,1570,638,0,0,0,0,0,0,0,0,0,0,0,0,0,0,0,0,0,0,0,0,0,0,0,0,0,0,0,0,0,0,0,0,0,0,0,0,0,0,0,0
바이든,0,0,0,0,0,0,0,0,0,0,0,0,0,0,0,0,0,0,0,144,0,0,0,330,166,0,0,0,175,408,171,0,219,309,840,592,1547,6091,826,1891,1138,1114,1100,1705,768
바이든_당선인,0,0,0,0,0,0,0,0,0,0,0,0,0,0,0,0,0,0,0,0,0,0,0,0,0,0,0,0,0,0,0,0,0,0,0,0,0,625,0,0,0,0,0,0,0
바이든_대통령,0,0,0,0,0,0,0,0,0,0,0,0,0,0,0,0,0,0,0,0,0,0,0,0,0,0,0,0,0,0,0,0,0,0,0,0,0,0,0,659,627,485,671,938,488
바이든_후보,0,0,0,0,0,0,0,0,0,0,0,0,0,0,0,0,0,0,0,0,0,0,0,0,0,0,0,0,0,0,0,0,0,0,123,274,655,1462,0,0,0,0,0,0,0
바이러스,0,0,0,0,0,0,0,0,0,0,0,0,0,0,0,0,0,0,0,0,0,0,0,113,0,0,136,272,426,342,255,168,0,0,161,149,0,0,0,0,0,0,0,0,0
박근혜,1882,1265,947,618,637,677,1069,323,385,385,383,163,405,333,424,379,756,458,485,378,344,215,364,216,309,375,387.5,400,240,702,255,250,209,227,315,181,278,291,423,953,365,249,317,221,335
박근혜_정부,266,134,134,0,0,0,0,0,0,0,0,0,0,0,0,0,0,0,0,0,0,0,0,0,0,0,0,0,0,0,0,0,0,0,0,0,0,0,0,0,0,0,0,0,0
박범계,0,0,0,0,0,0,0,0,0,0,0,0,0,0,0,0,0,0,0,0,0,0,0,0,0,0,0,0,0,0,0,0,0,0,0,0,0,0,153,444,335,151,0,0,136
박병석,0,0,0,0,0,0,0,0,0,0,0,0,0,0,0,0,0,0,0,0,0,0,0,0,0,0,0,0,0,0,0,174,433,0,0,0,0,0,0,0,0,0,0,0,0
박영선,0,0,0,0,0,0,182,0,0,0,0,0,0,0,0,0,0,514,494,0,0,0,0,0,0,0,0,0,0,0,0,0,0,0,0,0,0,0,142,827,923,3423,1554,0,0
박영선_후보,0,0,0,0,0,0,0,0,0,0,0,0,0,0,0,0,0,0,0,0,0,0,0,0,0,0,0,0,0,0,0,0,0,0,0,0,0,0,0,0,0,498,212,0,0
박용진,0,0,0,0,0,0,0,0,0,0,0,0,173,227,141,0,0,0,0,0,0,0,0,0,0,0,0,0,0,0,0,0,0,0,0,0,0,0,0,0,0,0,0,145,261
박원순,172,0,0,176,0,222,411,490,593,593,0,0,135,188,0,0,0,0,0,0,0,0,0,0,0,0,0,0,0,0,0,0,0,2073,174,0,0,0,159,504,377,787,173,0,0
박준영,0,0,0,0,0,0,0,0,0,0,0,0,0,0,0,0,0,0,0,0,0,0,0,0,0,0,0,0,0,0,0,0,0,0,0,0,0,0,0,0,0,0,0,503,0
박지원,101,0,169,0,0,0,0,0,0,0,0,0,0,0,0,234,0,0,0,127,0,143,146,135,137,133,129.5,126,0,0,154,0,0,920,0,0,0,0,0,0,0,0,0,0,0
박형준,0,0,0,0,0,0,0,0,0,0,0,0,0,0,0,0,0,0,0,0,0,0,0,0,0,0,63.5,127,0,0,151,0,0,0,0,0,0,0,0,0,473,1122,877,0,0
반대파,0,0,375,729,0,0,0,0,0,0,0,0,0,0,0,0,0,0,0,0,0,0,0,0,0,0,0,0,0,0,0,0,0,0,0,0,0,0,0,0,0,0,0,0,0
반도체,0,0,0,0,0,0,0,0,0,0,0,0,0,0,0,0,0,0,0,0,0,533,155,0,0,0,0,0,0,0,0,0,0,0,0,0,0,0,0,0,0,0,454,914,180
발사장,0,0,0,0,0,0,0,0,0,0,0,0,0,0,0,0,0,517,0,0,0,0,0,0,0,0,0,0,0,0,0,0,0,0,0,0,0,0,0,0,0,0,0,0,0
발사체,0,0,0,0,0,0,0,0,0,0,0,0,0,0,0,0,0,0,0,1946,0,438,1477,290,306,266,133,0,0,770,0,0,0,155,0,0,0,0,0,0,0,320,0,0,0
방사포,0,0,0,0,0,0,0,0,0,0,0,0,0,0,0,0,0,0,0,172,0,0,425,142,0,376,188,0,0,390,0,0,0,0,0,0,0,0,0,0,0,0,0,0,0
방위비,0,0,0,0,0,0,0,0,0,0,0,0,0,0,190,255,283,0,0,0,0,0,396,259,141,1353,837.5,322,230,0,454,227,295,298,135,0,194,200,0,0,188,492,0,0,0
방위비_분담금,0,0,0,0,0,0,0,0,0,0,0,0,0,0,0,0,0,0,0,0,0,0,183,0,0,502,251,0,0,0,0,0,0,0,0,0,0,0,0,0,0,0,0,0,0
배우자,0,0,0,0,0,0,0,0,0,0,0,0,0,0,0,0,0,0,0,0,0,0,0,0,0,0,0,0,0,0,0,0,0,0,0,0,0,0,0,0,0,375,0,158,0
백두산,0,0,0,0,0,0,0,0,0,0,0,1034,0,0,0,0,0,0,0,0,0,0,0,0,144,0,0,0,0,0,0,0,0,0,0,0,0,0,0,0,0,0,0,0,0
백신_접종,0,0,0,0,0,0,0,0,0,0,0,0,0,0,0,0,0,0,0,0,0,0,0,0,0,0,0,0,0,0,0,0,0,0,0,0,0,0,260,163,464,369,162,227,0
백악관,391,273,363,484,743,951,451,1369,929,929,332,542,216,308,406,550,617,374,448,445,386,334,139,402,424,315,331,347,192,222,234,307,586,373,388,193,889,930,283,631,241,399,312,525,282
법무부,274,257,159,404,0,0,0,0,0,0,0,0,163,0,0,0,150,468,176,208,408,267,978,2519,2102,531,1080,1629,760,183,294,274,777,1660,651,1403,2102,2969,4374,1564,1422,1004,1046,1299,1110
법무부_장관,0,0,0,0,0,0,0,0,0,0,0,0,0,0,0,0,0,0,0,0,0,0,366,467,304,126,207.5,289,0,0,0,0,160,356,0,249,329,428,423,178,137,147,0,135,203
법사위,0,0,0,0,224,0,0,0,0,0,0,0,0,0,0,0,0,0,0,0,0,0,274,211,233,0,0,0,0,143,0,392,911,302,171,206,208,562,733,185,267,0,0,137,0
법사위원장,0,0,0,0,0,0,0,0,0,0,0,0,0,0,0,0,0,0,0,0,0,0,0,0,0,0,0,0,0,0,0,0,497,0,0,0,0,0,0,0,0,0,214,246,0
베이징,0,228,353,0,0,528,0,511,604,604,0,0,140,0,0,554,261,230,0,0,0,0,234,0,209,0,0,0,0,0,0,0,0,0,0,0,0,0,0,0,0,0,0,0,0
베트남,0,320,0,0,0,637,0,0,0,0,0,0,0,0,287,391,3600,785,161,132,165,0,0,0,0,132,66,0,0,0,0,0,0,0,0,146,0,0,0,0,0,0,0,0,0
변창흠,0,0,0,0,0,0,0,0,0,0,0,0,0,0,0,0,0,0,0,0,0,0,0,0,0,0,0,0,0,0,0,0,0,0,0,0,0,0,1048,0,134,638,0,0,0
변호사,276,120,192,369,287,658,438,485,526,526,558,204,587,458,310,388,324,247,387,203,0,237,181,260,249,184,342,500,979,685,314,230,302,569,460,298,707,818,1181,708,385,395,440,398,437
변호인,341,0,0,0,0,234,0,0,0,0,0,0,0,0,0,0,0,0,0,0,0,0,0,0,0,0,0,0,0,0,0,0,0,0,0,139,0,0,149,0,0,0,0,0,0
보고서,300,383,401,0,136,163,0,0,0,0,226,297,237,407,423,281,170,691,963,337,244,338,307,317,0,0,0,0,0,0,0,0,0,0,0,0,0,0,0,0,0,0,0,0,0
보궐선거,0,0,0,0,0,0,0,0,0,0,0,0,0,0,0,0,0,339,423,0,0,0,0,0,0,0,0,0,0,0,0,0,0,0,0,0,0,358,0,296,228,467,431,0,0
보수통합,0,0,0,0,0,0,0,0,0,0,0,0,0,0,0,0,0,0,0,0,0,0,0,0,0,208,209,210,0,0,0,0,0,0,0,0,0,0,0,0,0,0,0,0,0
보유세,0,0,0,178,0,0,0,0,0,0,0,0,0,0,0,0,0,0,0,0,0,0,0,0,0,0,0,0,0,0,0,0,0,154,0,0,0,0,0,0,0,0,173,0,0
보이콧,345,0,0,0,0,0,0,0,0,0,0,0,0,175,0,178,265,0,0,0,0,0,204,0,0,0,0,0,0,0,0,0,0,0,0,0,0,0,0,0,0,0,0,0,0
보좌관,0,191,264,0,536,406,510,517,283,283,259,141,275,0,182,420,278,519,338,363,355,573,241,470,163,241,312,383,189,145,0,258,908,379,152,1034,607,353,0,169,0,0,0,136,171
본부장,155,0,0,0,0,0,0,0,0,0,0,150,142,159,0,0,149,244,0,0,167,0,0,130,0,0,0,0,0,0,0,0,0,0,0,0,0,0,0,0,0,0,0,0,0
본회의,0,128,981,0,249,321,187,1384,0,0,169,223,141,413,1059,0,0,331,283,142,525,726,392,236,649,952,812,672,332,378,439,1003,1717,768,514,524,346,266,1325,351,550,380,392,432,362
볼턴_보좌관,0,0,0,0,0,0,0,219,0,0,0,0,0,0,0,0,0,287,145,165,0,322,0,127,0,0,0,0,0,0,0,0,0,0,0,0,0,0,0,0,0,0,0,0,0
부대변인,0,0,0,0,0,0,0,0,0,0,0,0,0,0,0,0,0,0,231,0,0,0,0,0,0,0,0,0,155,165,0,0,0,0,0,0,0,0,0,0,0,0,0,0,152
부대표,0,0,0,0,0,0,0,0,0,0,0,0,0,0,0,0,0,0,0,0,0,0,0,0,0,0,0,0,203,0,0,249,152,0,0,0,0,0,0,0,0,0,0,0,0
부동산,123,0,0,257,0,0,0,0,0,0,178,868,332,194,0,658,0,523,198,0,229,0,174,0,0,221,615.5,1010,361,229,516,258,840,6472,4493,850,1117,1321,1655,1821,1014,6564,4497,3283,3283
부동산_정책,0,0,0,0,0,0,0,0,0,0,0,0,0,0,0,0,0,0,0,0,0,0,0,0,0,0,0,0,0,0,0,0,0,759,488,0,0,0,211,182,0,317,662,422,0
부동산_투기,0,0,0,0,0,0,0,0,0,0,0,0,0,0,0,0,0,0,0,0,0,0,0,0,0,0,0,0,0,0,0,0,0,0,0,0,0,0,0,0,0,771,239,0,324
부부장,0,0,0,0,424,0,0,0,0,0,0,0,0,0,0,0,0,0,0,0,272,0,0,0,0,0,0,0,0,0,0,0,451,0,0,0,0,0,0,200,0,312,0,0,165
부산시장,0,0,0,0,0,0,0,0,190,190,0,0,0,0,0,0,0,0,0,0,0,0,0,0,0,0,0,0,0,0,0,0,0,204,0,0,233,377,0,0,0,0,0,0,0
부시장,0,0,0,0,0,0,0,0,0,0,0,0,0,0,0,0,0,0,0,0,0,0,0,0,0,477,514.5,552,192,0,0,161,261,197,0,0,0,0,0,159,0,0,210,0,0
부위원장,119,0,0,195,1448,251,526,670,886,886,134,314,134,378,194,928,285,0,310,0,381,134,0,0,0,0,133.5,267,154,179,0,193,152,175,203,180,157,209,239,0,0,0,0,0,0
부의장,0,0,0,0,0,0,0,0,232,232,0,0,0,0,162,219,0,0,0,0,0,0,0,0,0,0,0,0,0,0,0,429,933,812,0,143,0,0,0,0,0,0,191,0,0
부장관,0,0,0,0,0,0,0,0,0,0,0,0,0,0,0,0,0,0,0,0,0,0,0,0,0,147,73.5,0,0,0,0,0,0,374,0,0,0,0,0,0,0,0,0,0,0
부총리,476,312,180,438,372,455,268,396,459,459,784,440,1053,1067,682,530,220,345,394,390,320,434,289,302,505,352,426,500,361,771,665,314,603,775,936,876,1176,1096,498,976,991,711,647,558,693
부통령,0,0,0,0,1381,0,0,211,0,0,0,0,0,363,0,0,0,0,167,148,0,0,0,237,188,182,91,0,220,386,210,216,231,281,780,0,437,723,0,500,0,0,0,137,0
부회장,137,0,322,246,536,0,0,0,0,0,147,388,0,0,0,312,0,0,0,0,0,150,248,0,0,0,0,0,0,0,0,0,0,0,0,0,0,0,0,0,0,0,0,0,0
북미_정상회담,0,0,0,0,0,379,633,1494,607,607,0,0,0,0,0,0,189,0,0,0,0,0,0,0,0,0,0,0,0,0,0,0,0,0,0,0,0,0,0,0,0,0,0,0,0
북미대화,0,0,0,0,316,266,0,0,0,0,0,0,0,0,0,0,0,0,0,0,0,0,0,0,0,0,0,0,0,0,0,0,0,0,0,0,0,0,0,0,0,0,0,0,0
북미정상회담,0,0,0,0,0,278,619,2698,1597,1597,0,345,353,159,237,710,1369,468,234,0,0,0,0,0,0,0,0,0,0,0,0,0,0,0,0,0,0,0,0,0,0,0,0,0,0
북한_원전,0,0,0,0,0,0,0,0,0,0,0,0,0,0,0,0,0,0,0,0,0,0,0,0,0,0,0,0,0,0,0,0,0,0,0,0,0,0,0,173,356,0,0,0,0
북한군,0,585,160,0,0,0,0,0,0,0,0,0,0,0,0,0,349,0,0,0,0,0,0,0,0,0,0,0,0,0,0,319,519,0,0,611,261,0,0,0,0,0,0,0,0
분담금,0,0,0,0,0,0,0,0,0,0,0,0,0,0,157,228,256,0,0,0,0,0,332,207,0,1048,614,180,142,0,286,136,0,0,0,0,0,0,0,0,156,395,0,0,0
분위기,110,148,171,325,363,321,428,426,478,478,177,262,142,192,182,224,334,182,153,179,190,0,0,0,0,0,0,0,0,0,0,0,0,0,0,0,0,0,0,0,0,0,0,0,0
불가능,0,0,175,0,0,199,0,226,0,0,0,0,0,0,132,0,0,0,0,0,199,0,0,0,0,0,0,0,0,0,0,0,0,0,0,0,0,0,0,0,0,0,0,0,0
불공정,0,109,0,0,0,0,0,0,0,0,0,0,0,0,0,0,0,0,0,0,0,0,0,0,307,202,101,0,0,0,0,0,0,0,0,162,0,0,0,0,0,0,0,0,0
불출마,0,0,144,181,139,367,269,0,0,0,0,0,0,0,0,142,168,0,0,0,0,0,0,145,388,1285,836,387,425,178,0,0,0,0,0,0,0,0,0,0,0,0,0,0,0
블라디보스토크,0,0,0,0,0,0,0,0,0,0,0,0,0,0,0,0,0,0,569,0,0,0,0,0,0,0,0,0,0,0,0,0,0,0,0,0,0,0,0,0,0,0,0,0,0
블랙리스트,205,0,235,237,0,0,0,0,0,0,0,0,0,0,238,0,322,176,0,0,0,0,0,0,0,0,0,0,0,0,0,0,0,0,0,0,0,0,0,0,210,0,0,0,0
블룸버그,0,0,0,0,0,0,0,0,0,0,0,0,0,0,0,0,0,0,0,0,0,0,0,0,0,121,60.5,0,214,130,0,0,0,0,0,0,0,0,0,0,0,0,0,0,0
블링컨,0,0,0,0,0,0,0,0,0,0,0,0,0,0,0,0,0,0,0,0,0,0,0,0,0,0,0,0,0,0,0,0,0,0,0,0,0,240,0,303,221,1112,0,292,0
비건_대표,0,0,0,0,0,0,0,0,0,0,0,0,168,0,0,0,597,0,0,152,136,0,158,0,0,0,0,0,0,0,0,0,0,0,0,0,0,0,0,0,0,0,0,0,0
비건_부장관,0,0,0,0,0,0,0,0,0,0,0,0,0,0,0,0,0,0,0,0,0,0,0,0,0,0,0,0,0,0,0,0,0,517,0,0,0,0,213,0,0,0,0,0,0
비공개,0,0,186,0,0,0,0,0,0,0,0,0,0,0,0,0,0,0,0,0,0,0,115,0,232,143,71.5,0,0,0,0,0,0,0,0,0,0,0,0,0,0,0,0,0,0
비대위,0,0,0,0,0,0,0,0,330,330,182,0,0,429,158,142,0,0,0,0,0,0,0,0,0,0,0,0,0,0,1259,823,308,0,0,154,167,0,0,0,0,0,227,0,0
비대위원장,0,0,0,0,0,0,0,0,0,0,131,0,0,157,0,0,0,0,0,0,0,0,0,0,0,0,0,0,0,0,230,0,0,0,0,0,0,0,0,0,0,0,0,0,0
비례대표,0,0,0,0,133,0,0,294,323,323,0,0,0,0,212,147,0,430,151,0,0,0,0,0,141,129,64.5,0,0,142,0,0,0,0,0,0,0,0,0,0,0,0,0,0,0
비례대표제,0,0,0,0,0,0,0,0,0,0,0,0,0,344,921,304,0,379,0,0,0,0,0,0,0,0,0,0,0,0,0,0,0,0,0,0,0,0,0,0,0,0,0,0,0
비서관,289,858,0,0,0,0,0,0,0,0,0,0,0,0,0,0,0,0,0,0,0,0,0,0,0,0,0,0,0,0,0,0,0,0,0,0,0,0,0,0,0,0,0,0,0
비서실장,326,112,279,157,170,0,0,0,0,0,158,137,178,249,303,940,0,0,0,0,0,0,123,0,0,317,273.5,230,94,0,0,0,0,269,531,0,0,258,385,199,145,0,163,0,0
비핵화,0,0,219,660,1104,3271,4731,5747,4509,4509,2802,6445,3086,1915,1774,2148,3630,2893,2525,1142,2233,1188,526,1446,893,0,84.5,169,0,0,0,0,203,0,0,138,169,161,0,0,121,199,194,295,0
사개특위,0,0,0,0,0,0,0,0,0,0,0,0,0,0,0,0,0,0,906,120,239,225,0,0,0,0,0,0,0,0,0,0,0,0,0,0,0,0,0,0,0,0,0,0,0
사람들,169,0,0,277,131,243,235,234,352,352,190,153,170,182,224,209,169,162,154,281,180,0,0,0,0,0,0,0,0,0,0,0,0,0,0,0,0,0,0,0,0,0,0,0,0
사령관,106,131,0,0,0,0,0,0,0,0,210,0,140,262,0,0,0,0,151,128,0,143,0,151,216,209,258.5,308,0,0,0,122,0,269,0,203,0,0,0,0,0,171,0,128,0
사립유치원,0,0,0,0,0,0,0,0,0,0,0,0,500,293,199,0,0,0,0,0,0,0,0,0,0,0,0,0,0,0,0,0,0,0,0,0,0,0,0,0,0,0,0,0,0
사무관,0,0,0,0,0,0,0,0,0,0,0,0,0,0,153,954,0,0,0,0,0,0,0,0,0,0,0,0,0,0,0,0,0,0,0,0,0,0,0,0,0,0,0,0,0
사무소,0,0,0,0,0,0,0,0,311,311,334,420,158,0,0,0,0,504,0,0,0,0,0,0,0,0,94,188,99,137,0,0,2451,0,0,0,0,0,0,0,0,0,0,0,0
사무실,0,0,0,0,0,0,0,0,0,0,0,0,0,0,0,0,0,0,164,0,0,0,0,0,0,0,0,0,0,191,189,0,0,0,0,0,0,0,0,0,0,0,0,0,0
사법개혁,0,0,0,0,0,0,0,0,0,0,0,0,0,0,0,0,0,0,0,0,0,0,119,259,181,0,0,0,0,0,0,0,0,0,0,0,0,0,0,0,0,0,0,0,0
사법부,0,0,0,0,0,0,0,0,0,0,206,213,181,187,0,200,248,0,0,0,0,0,0,0,0,0,0,0,0,0,0,0,0,0,0,0,0,0,232,0,699,0,0,0,0
사보임,0,0,0,0,0,0,0,0,0,0,0,0,0,0,0,0,0,0,533,0,0,0,0,0,0,0,0,0,0,0,0,0,0,0,0,0,0,0,0,0,0,0,0,0,0
사실상,0,0,0,0,0,169,249,196,0,0,149,0,161,142,156,155,151,153,165,139,145,0,0,0,0,0,0,0,0,0,0,0,0,0,0,0,0,0,0,0,0,0,0,0,0
사전투표,0,0,0,0,0,0,0,0,1230,1230,0,0,0,0,0,0,0,0,0,0,0,0,0,0,0,0,0,0,0,0,852,0,0,0,0,0,0,0,0,0,0,0,632,0,0
사전투표율,0,0,0,0,0,0,0,0,362,362,0,0,0,0,0,0,0,0,0,0,0,0,0,0,0,0,0,0,0,0,295,0,0,0,0,0,0,0,0,0,0,0,283,0,0
산업부,0,0,0,0,0,0,0,0,0,0,0,0,0,0,0,0,0,0,0,0,0,0,0,0,0,0,0,0,0,0,0,0,0,0,0,0,172,0,0,174,329,0,0,0,0
삼척항,0,0,0,0,0,0,0,0,0,0,0,0,0,0,0,0,0,0,0,0,513,312,0,0,0,0,0,0,0,0,0,0,0,0,0,0,0,0,0,0,0,0,0,0,0
상임위,142,98,0,0,0,0,0,0,0,0,141,0,0,133,0,270,0,0,134,0,383,161,235,114,140,166,83,0,0,0,198,517,1842,724,189,212,180,245,311,0,0,141,0,0,0
상임위원장,0,0,0,0,561,0,0,0,204,204,0,0,0,0,0,0,0,0,0,0,0,139,0,0,0,0,0,0,0,0,0,123,424,0,0,0,0,0,0,0,0,0,0,0,0
새누리당,0,0,0,0,0,0,0,0,183,183,0,0,0,0,0,0,0,0,0,0,0,0,0,0,0,174,162.5,151,212,173,223,0,0,0,0,0,0,0,0,0,0,0,0,0,0
새보수당,0,0,0,0,0,0,0,0,0,0,0,0,0,0,0,0,0,0,0,0,0,0,0,0,0,0,542.5,1085,523,0,0,0,0,0,0,0,0,0,0,0,0,0,0,0,0
샌더스,0,0,0,0,0,0,0,0,0,0,0,0,0,0,0,0,0,0,0,0,0,0,0,0,0,0,0,0,618,467,167,0,0,0,0,0,0,0,0,0,0,0,0,0,0
생중계,0,0,0,0,0,0,882,0,0,0,0,346,0,0,0,0,0,0,0,0,0,0,0,0,165,0,0,0,0,0,0,0,0,0,0,0,0,0,0,0,0,0,0,0,0
서울대,0,0,0,0,0,0,0,0,0,0,0,0,0,0,0,0,0,0,0,0,0,0,362,154,243,0,0,0,0,0,0,0,0,183,0,0,169,0,0,0,0,0,0,0,0
서울시,205,0,0,228,0,191,244,215,300,300,0,0,297,152,136,163,0,0,0,0,216,179,0,0,0,0,0,0,0,0,0,0,0,0,0,0,0,0,0,0,0,0,0,0,0
서울시장,0,0,163,254,277,1054,1307,733,752,752,0,0,0,0,0,0,0,0,0,0,0,0,0,0,0,0,0,0,0,0,0,0,0,283,0,0,0,0,191,0,0,0,0,0,0
서울중앙지검,0,0,0,0,0,246,0,0,0,0,0,0,0,0,0,0,0,0,0,0,0,0,0,0,194,0,101,202,0,0,0,0,0,0,0,0,0,0,0,0,0,0,0,0,0
서초동,0,0,0,0,0,0,0,0,0,0,0,0,0,0,0,0,0,0,0,0,0,0,0,0,553,0,0,0,0,0,0,0,0,0,0,0,0,0,0,0,0,0,0,0,0
선거구,124,202,256,254,389,1219,558,553,425,425,0,0,0,138,0,0,0,272,229,0,0,0,0,0,0,192,382.5,573,961,2318,1254,0,0,0,0,0,0,0,0,0,0,0,0,0,0
선거법,0,0,0,0,0,0,0,180,0,0,0,0,0,0,221,0,0,448,449,238,210,182,421,0,543,1054,775.5,497,325,612,441,0,0,0,0,0,310,0,0,0,0,141,182,0,0
선거법_개정안,0,0,0,0,0,0,0,0,0,0,0,0,0,0,0,0,0,0,0,0,0,0,212,0,0,256,128,0,0,0,0,0,0,0,0,0,0,0,0,0,0,0,0,0,0
선거운동,0,0,0,0,0,200,0,577,629,629,0,0,0,0,0,0,0,218,0,0,0,0,0,0,0,0,74.5,149,317,378,631,0,0,0,0,0,0,0,0,0,0,150,0,0,0
선거인단,0,0,0,0,0,0,0,0,0,0,0,0,0,0,0,0,0,0,0,0,0,0,0,0,0,0,0,0,0,122,0,0,0,0,0,0,198,1268,271,159,0,0,0,0,0
선거제도,0,0,0,0,0,0,0,0,0,0,282,137,136,302,691,251,0,304,146,0,0,0,0,0,0,0,0,0,0,0,0,0,0,0,0,0,0,0,0,0,0,0,0,0,0
선거제도_개혁,0,0,0,0,0,0,0,0,0,0,151,0,0,130,293,0,0,0,0,0,0,0,0,0,0,0,0,0,0,0,0,0,0,0,0,0,0,0,0,0,0,0,0,0,0
선관위,0,0,0,0,124,0,905,389,490,490,0,0,0,0,0,247,267,206,0,0,0,0,0,0,0,0,308.5,617,638,712,1034,456,0,0,0,193,0,0,0,0,0,259,526,137,0
선대위,0,0,0,0,0,0,0,251,0,0,0,0,0,0,0,0,0,0,0,0,0,0,0,0,0,0,0,0,121,399,259,0,0,0,0,0,0,0,0,0,0,172,0,0,0
선발대,0,0,0,537,0,0,0,0,0,0,0,201,0,0,0,0,0,0,0,0,0,0,0,0,0,0,0,0,0,0,0,0,0,0,0,0,0,0,0,0,0,0,0,0,0
선수단,0,0,0,1153,724,178,0,0,0,0,0,0,0,0,0,0,0,0,0,0,0,0,0,0,0,0,0,0,0,0,0,0,0,0,0,0,0,0,0,0,0,0,0,0,0
선수들,0,0,0,592,643,0,0,0,0,0,0,0,0,0,0,0,0,0,0,0,0,0,0,0,152,0,0,0,0,0,0,0,0,0,0,0,0,0,0,0,0,0,0,0,0
성범죄,0,0,0,0,0,0,0,0,0,0,0,0,0,0,0,0,0,0,0,0,0,0,0,0,0,0,0,0,0,296,219,0,0,0,131,0,0,0,0,178,0,0,0,0,154
성추행,0,0,0,0,205,858,0,0,0,0,0,0,0,0,0,0,0,0,0,0,0,0,0,0,0,0,0,0,0,0,476,0,0,1464,503,0,0,0,0,1109,217,354,0,0,383
성폭력,0,0,0,0,216,448,0,0,0,0,0,0,0,0,0,229,0,0,0,0,0,0,0,0,0,0,0,0,0,0,0,0,0,282,129,0,0,0,0,263,0,0,0,0,161
성폭행,0,0,0,0,0,406,0,0,0,0,0,0,0,0,0,0,0,0,0,0,0,0,0,0,0,0,0,0,0,0,0,0,0,0,0,0,0,0,0,243,0,0,0,0,0
세월호,538,168,157,0,0,319,291,0,0,0,0,0,0,0,0,0,0,0,488,0,0,0,0,0,0,0,0,0,0,0,0,0,0,0,0,0,0,0,0,0,0,0,0,0,0
세종시,0,100,0,0,125,0,0,0,0,0,0,0,0,0,0,0,0,0,0,0,0,0,0,0,0,0,0,0,0,233,278,136,137,872,255,166,315,296,213,176,0,323,147,568,220
셧다운,0,0,0,173,0,0,0,0,0,0,0,0,0,0,221,508,0,0,0,0,0,0,0,0,0,0,0,0,0,0,0,0,0,0,0,0,0,0,0,0,0,0,0,0,0
소득주도성장,0,0,0,0,0,0,0,0,0,0,426,276,0,238,0,0,0,0,0,0,0,0,0,0,0,0,0,0,0,0,0,0,0,0,0,0,0,0,0,0,0,0,0,0,0
소상공인,0,0,0,153,0,0,0,0,0,0,234,0,0,0,0,175,207,0,0,0,0,0,0,0,0,0,0,0,194,620,414,118,216,150,0,582,250,191,617,1002,850,481,238,271,443
소식통,0,0,0,0,0,0,0,209,0,0,0,0,0,0,140,233,204,149,170,0,0,0,0,0,0,0,0,0,0,0,165,0,0,0,0,0,0,0,0,0,0,0,0,0,0
손학규,0,0,0,0,0,0,0,0,0,0,219,278,0,161,327,0,0,0,379,404,0,228,292,207,214,177,250.5,324,221,0,0,0,0,0,0,0,0,0,0,0,0,0,0,0,0
손혜원,0,0,0,0,0,0,0,0,0,0,0,0,0,0,0,1470,248,0,0,0,153,0,0,0,0,0,0,0,0,0,0,0,0,0,0,0,0,0,0,0,0,0,0,0,0
솔레이마니,0,0,0,0,0,0,0,0,0,0,0,0,0,0,0,0,0,0,0,0,0,0,0,0,0,0,268.5,537,0,0,0,0,0,0,0,0,0,0,0,0,0,0,0,0,0
송영길,0,0,0,0,0,0,0,0,0,0,425,0,0,0,0,0,0,0,0,0,0,0,0,0,0,0,0,0,0,0,0,0,0,0,0,0,0,0,0,0,0,0,445,957,994
수도권,0,0,0,0,0,0,0,0,264,264,0,194,0,0,0,0,139,0,0,0,0,0,0,0,0,0,0,0,0,0,0,0,0,0,0,0,0,0,0,0,0,0,0,0,0
수사관,0,0,0,0,0,0,0,0,0,0,0,0,0,0,1307,608,289,0,0,0,0,0,0,0,0,0,0,0,0,0,0,0,0,0,0,0,0,0,0,0,0,0,0,0,0
수사권,0,0,0,158,0,0,0,0,274,274,0,0,0,0,0,0,0,161,162,451,0,0,0,0,289,0,0,0,0,0,0,0,0,0,0,0,0,0,0,0,126,0,0,0,0
수사청,0,0,0,0,0,0,0,0,0,0,0,0,0,0,0,0,0,0,0,0,0,0,0,0,0,0,0,0,0,0,0,0,0,0,0,0,0,0,0,0,323,329,0,0,0
수석대변인,0,0,0,0,0,0,0,0,0,0,0,177,0,0,0,0,179,306,0,0,0,0,115,117,153,0,0,0,144,0,0,0,0,0,0,0,0,0,0,0,0,0,0,0,156
수석대표,0,0,0,398,0,0,0,0,269,269,0,0,0,0,0,0,0,0,0,0,0,0,0,0,0,0,0,0,0,0,0,0,0,0,0,0,0,0,0,0,0,0,0,0,144
수출_규제,0,0,0,0,0,0,0,0,0,0,0,0,0,0,0,0,0,0,0,0,0,763,138,0,0,163,81.5,0,0,0,0,0,0,0,0,0,0,0,0,0,0,0,0,0,0
수출규제,0,0,0,0,0,0,0,0,0,0,0,0,0,0,0,0,0,0,0,0,0,239,0,0,0,187,93.5,0,0,0,0,0,0,0,0,0,0,0,0,0,0,0,0,0,0
수행원,0,0,0,0,0,0,381,0,0,0,0,442,0,0,0,0,0,0,0,0,0,0,0,0,0,0,0,0,0,0,0,0,0,0,0,0,0,0,0,0,0,0,0,0,0
스가_총리,0,0,0,0,0,0,0,0,0,0,0,0,0,0,0,0,0,0,0,0,0,0,0,0,0,0,0,0,0,0,0,0,0,0,0,300,0,334,0,0,0,0,164,0,185
스웨덴,0,0,0,0,0,261,0,0,0,0,0,0,0,0,0,380,0,0,0,0,388,0,0,0,319,0,0,0,0,0,0,0,0,0,0,0,0,0,0,0,0,0,0,0,0
스캔들,0,0,0,0,0,0,0,0,284,284,0,0,0,0,0,0,0,0,0,0,0,0,0,0,0,0,0,0,0,0,0,0,0,0,0,0,0,0,0,0,0,0,0,0,0
스틸웰,0,0,0,0,0,0,0,0,0,0,0,0,0,0,0,0,0,0,0,0,0,169,0,0,0,241,120.5,0,0,0,0,0,0,0,0,0,0,0,0,0,0,0,0,0,0
스페인,0,0,0,0,0,0,0,0,0,0,0,0,0,0,0,0,0,202,166,0,0,0,0,0,0,0,0,0,0,0,0,0,0,0,0,0,0,0,0,0,0,0,0,0,507
시리아,0,0,0,0,0,0,292,0,0,0,0,0,0,0,345,149,0,0,0,0,0,0,0,0,703,0,0,0,0,0,0,0,0,0,0,0,0,0,0,0,0,0,0,0,0
시민당,0,0,0,0,0,0,0,0,0,0,0,0,0,0,0,0,0,0,0,0,0,0,0,0,0,0,0,0,0,331,619,247,0,0,0,0,0,0,0,0,0,0,0,0,0
시민들,0,0,112,152,129,221,360,441,698,698,0,273,0,0,0,0,0,0,0,175,0,0,0,0,0,0,0,0,0,0,0,0,0,0,0,0,0,0,0,0,0,0,0,0,0
시위대,0,0,0,0,0,0,0,0,0,0,0,0,0,0,0,0,0,0,0,0,0,0,0,0,0,288,144,0,0,0,0,0,0,0,0,0,0,0,0,195,0,0,0,0,0
시의원,0,0,0,0,0,396,332,456,399,399,0,0,0,0,0,0,0,0,0,0,0,0,0,0,0,0,0,0,0,179,0,0,140,163,126,0,0,0,0,0,0,242,0,0,250
시의회,0,0,0,0,0,0,0,0,0,0,0,0,0,0,0,0,0,0,0,0,0,0,0,0,0,0,0,0,0,0,0,0,203,232,0,141,0,0,0,0,0,147,280,0,228
시정연설,0,117,0,0,0,0,0,0,0,0,0,0,0,304,0,0,0,0,0,0,163,0,0,0,434,0,0,0,0,0,0,0,0,0,0,0,258,0,0,0,0,0,0,0,0
시진핑,197,474,248,0,0,444,0,414,232,232,145,177,0,179,0,347,158,0,0,0,1142,0,0,0,0,0,0,0,146,0,0,121,0,0,156,0,0,182,0,0,0,0,0,0,0
신년사,0,0,0,864,0,0,0,0,0,0,0,0,0,0,188,741,0,0,0,0,0,0,0,0,0,0,360,720,0,0,0,0,0,0,0,0,0,0,0,747,0,0,0,0,0
신재민,0,0,0,0,0,0,0,0,0,0,0,0,0,0,0,990,0,0,0,0,0,0,0,0,0,0,0,0,0,0,0,0,0,0,0,0,0,0,0,0,0,0,0,0,0
신종_코로나바이러스,0,0,0,0,0,0,0,0,0,0,0,0,0,0,0,0,0,0,0,0,0,0,0,0,0,0,119.5,239,316,0,0,0,0,0,0,0,0,0,0,0,0,0,0,0,0
신천지,0,0,0,0,0,0,0,0,0,0,0,0,0,0,0,0,0,0,0,0,0,0,0,0,0,0,0,0,406,659,0,0,0,0,0,0,0,0,0,0,0,0,0,0,0
신현수,0,0,0,0,0,0,0,0,0,0,0,0,0,0,0,0,0,0,0,0,0,0,0,0,0,0,0,0,0,0,0,0,0,0,0,0,0,0,0,0,666,0,0,0,0
실무협상,0,0,0,0,0,0,0,0,0,0,0,0,0,0,0,180,690,0,0,0,209,773,415,788,1029,0,0,0,0,0,0,0,0,0,0,0,0,0,0,0,0,0,0,0,0
실무회담,0,0,0,328,0,0,416,0,0,0,0,0,0,0,0,0,0,0,0,0,0,0,0,0,181,0,0,0,0,0,0,0,0,0,0,0,0,0,0,0,0,0,0,0,0
심상정,0,0,0,0,0,0,0,0,0,0,0,0,0,0,0,0,0,0,0,0,0,263,0,0,0,0,0,0,0,124,202,0,0,0,0,0,0,0,0,0,0,0,0,0,0
심재철,0,0,0,0,0,0,0,0,0,0,0,448,422,0,0,0,0,0,0,0,0,0,0,0,0,0,86.5,173,285,0,278,0,0,0,0,0,0,0,0,0,0,0,0,0,0
싱가포르,0,0,0,0,0,0,0,1684,3276,3276,400,0,139,366,0,0,514,0,0,0,177,0,0,0,0,132,66,0,0,0,0,0,241,0,0,0,0,0,0,0,0,0,0,238,0
아버지,0,0,0,0,0,0,0,0,0,0,245,0,0,0,150,0,0,0,0,0,0,0,0,114,0,0,0,0,0,0,0,0,0,0,0,0,169,0,0,0,0,0,0,0,0
아베_총리,228,246,151,289,253,249,387,297,223,223,0,314,164,0,0,0,146,0,167,409,212,548,315,228,618,434,217,0,0,0,0,0,0,0,0,183,0,0,0,0,0,0,0,0,0
아세안,0,661,0,0,0,0,0,0,0,0,202,0,0,654,0,0,0,375,0,0,0,0,299,332,216,1673,836.5,0,0,0,203,0,0,0,0,199,0,385,0,0,0,0,0,0,0
아스트라제네카,0,0,0,0,0,0,0,0,0,0,0,0,0,0,0,0,0,0,0,0,0,0,0,0,0,0,0,0,0,0,0,0,0,0,0,0,0,0,0,0,235,316,0,0,0
아시아,152,403,0,0,0,0,0,0,0,0,0,0,0,0,0,0,0,0,0,0,0,0,238,0,0,132,66,0,0,0,0,0,0,0,0,0,0,175,146,156,0,196,0,0,0
아이스하키,0,0,0,931,428,0,0,0,0,0,0,0,0,0,0,0,0,0,0,0,0,0,0,0,0,0,0,0,0,0,0,0,0,0,0,0,0,0,0,0,0,0,0,0,0
아파트,0,0,0,0,0,0,0,0,0,0,0,0,0,0,0,0,0,239,0,0,0,0,0,0,0,0,72.5,145,0,168,247,270,194,1649,1116,385,536,606,752,422,331,1137,538,583,291
아프리카,0,0,0,0,0,0,0,0,0,0,0,0,0,0,0,0,0,0,0,148,213,0,0,350,0,0,0,0,0,0,0,0,0,0,0,0,0,0,0,0,0,0,0,0,0
안보리,0,0,389,0,135,0,0,0,0,0,236,302,208,196,0,0,0,195,0,237,0,0,126,0,207,0,0,0,0,0,0,0,0,0,0,0,0,0,0,0,0,244,0,0,0
안전망,0,0,0,0,0,0,0,0,0,0,0,0,0,0,0,0,0,0,0,0,0,0,0,0,0,0,0,0,0,0,0,208,165,164,0,0,0,0,0,0,0,0,0,0,0
안철수,261,342,931,755,344,365,776,664,748,748,0,0,0,0,0,0,0,0,189,292,0,0,170,135,264,123,918,1713,1212,484,398,130,0,184,265,443,254,516,706,1673,1206,2848,761,270,420
안철수_대표,0,0,232,181,0,0,0,0,0,0,0,0,0,0,0,0,0,0,0,0,0,0,0,0,0,0,0,0,0,0,0,0,0,0,0,0,0,0,0,235,0,0,0,0,0
안희정,0,0,0,0,0,673,0,0,0,0,0,0,0,0,0,0,0,0,0,0,0,0,0,0,0,0,0,0,0,0,0,0,0,157,0,0,0,0,0,0,0,0,0,0,0
압수수색,113,0,0,264,0,197,0,0,0,0,0,284,201,0,223,0,0,0,0,0,0,0,294,764,230,0,111,222,0,0,0,0,0,0,0,0,0,0,0,0,0,0,0,0,0
어려움,0,0,0,0,0,0,0,0,0,0,0,0,0,0,0,0,0,0,0,0,0,0,0,0,0,0,0,0,359,147,0,0,0,0,0,207,0,0,0,244,0,0,0,0,0
업무추진비,0,0,0,0,0,0,0,0,0,0,0,258,317,0,0,0,0,0,0,0,0,0,0,0,0,0,0,0,0,0,0,0,0,0,0,0,0,0,0,0,0,0,0,0,0
에너지,216,0,0,0,0,0,0,0,0,0,0,0,203,198,0,183,0,0,0,0,0,0,0,0,0,0,0,0,0,0,0,130,141,253,128,240,308,486,242,207,266,205,219,283,433
에스퍼,0,0,0,0,0,0,0,0,0,0,0,0,0,0,0,0,0,0,0,0,0,0,442,0,0,679,414.5,150,109,0,0,0,0,170,0,0,171,0,0,0,0,0,0,0,0
에스퍼_장관,0,0,0,0,0,0,0,0,0,0,0,0,0,0,0,0,0,0,0,0,0,0,227,0,0,302,151,0,0,0,0,0,0,0,0,0,0,0,0,0,0,0,0,0,0
여론조사,0,0,121,281,323,354,805,745,914,914,220,0,0,143,0,150,244,203,0,186,149,0,0,241,195,0,86,172,259,218,494,0,0,0,0,0,191,255,0,170,198,852,262,263,181
여야_4당,0,0,0,0,0,0,0,0,0,0,0,0,0,0,0,0,173,465,692,168,151,0,0,0,0,0,0,0,0,0,0,0,0,0,0,0,0,0,0,0,0,0,0,0,0
여야정,0,0,0,0,0,0,0,0,0,0,0,0,0,314,0,0,0,0,0,236,0,0,0,0,0,0,0,0,0,0,0,0,0,0,0,0,0,0,0,0,0,0,0,0,0
여의도,0,0,0,0,0,0,0,0,0,0,0,0,0,0,0,0,0,0,0,0,0,0,0,0,162,172,161.5,151,114,135,0,0,139,152,134,0,0,0,0,0,0,0,148,0,156
연구원,0,0,0,0,0,0,0,187,0,0,0,0,0,0,0,0,0,0,0,0,0,0,0,0,0,0,0,0,0,0,0,121,416,0,0,0,211,354,138,0,0,0,0,140,148
연동형_비례대표제,0,0,0,0,0,0,0,0,0,0,0,0,0,274,732,235,0,196,0,0,0,0,0,0,0,131,65.5,0,0,0,0,0,0,0,0,0,0,0,0,0,0,0,0,0,0
연락사무소,0,0,0,0,0,0,0,0,0,0,192,228,0,0,0,0,184,313,0,0,0,0,0,0,0,0,0,0,0,0,0,0,212,0,0,0,0,0,0,0,0,0,0,0,0
연합훈련,0,0,0,0,0,0,0,0,424,424,0,0,0,0,0,0,0,0,0,0,0,0,212,0,0,0,0,0,0,0,0,0,0,0,0,0,0,0,0,0,0,0,0,0,0
열린민주당,0,0,0,0,0,0,0,0,0,0,0,0,0,0,0,0,0,0,0,0,0,0,0,0,0,0,0,0,0,848,907,217,0,0,0,0,0,0,191,0,250,331,0,0,0
열병식,0,0,0,208,477,0,0,0,0,0,0,317,0,0,0,0,0,0,0,0,0,0,0,0,0,0,0,0,0,0,0,0,0,0,0,0,959,0,0,440,0,0,0,0,0
영변_핵시설,0,0,0,0,0,0,0,0,0,0,0,144,0,0,0,0,293,230,0,0,0,0,0,0,0,0,0,0,0,0,0,0,0,0,0,0,0,0,0,0,0,0,0,0,0
예결위,0,97,114,0,0,0,0,0,0,0,0,0,0,343,145,0,0,0,0,0,0,153,0,0,0,300,150,0,0,0,0,0,0,0,0,0,0,233,0,0,0,0,0,0,0
예비후보,0,0,0,0,340,2412,4261,3688,0,0,0,0,0,0,0,0,0,0,0,0,0,0,0,0,0,0,305.5,611,1117,1181,0,0,0,0,0,0,0,0,0,182,584,0,0,0,0
예산안,108,781,1573,167,0,0,0,0,0,0,168,144,137,1606,1629,0,0,0,0,0,0,0,200,0,457,638,319,0,0,0,237,154,0,0,193,345,396,1029,862,0,0,0,0,150,0
예술단,0,0,0,1058,877,537,627,0,0,0,0,0,0,0,0,0,0,0,0,0,0,0,0,0,0,0,0,0,0,0,0,0,0,0,0,0,0,0,0,0,0,0,0,0,0
오거돈,0,0,0,0,0,0,0,0,235,235,0,0,0,0,0,0,0,0,0,0,0,0,0,0,0,0,0,0,0,0,532,0,0,0,0,0,0,0,0,0,0,154,0,0,0
오바마,0,0,0,0,0,0,0,0,0,0,0,0,0,133,0,0,0,0,0,0,0,0,0,0,0,0,0,0,0,0,0,143,0,0,209,0,282,788,141,204,0,0,0,0,0
오세훈,0,0,0,0,0,0,0,0,0,0,0,0,0,0,0,261,686,0,0,0,0,0,0,0,0,0,0,0,0,129,264,0,0,0,0,0,0,0,0,560,727,4236,2450,193,171
오세훈_후보,0,0,0,0,0,0,0,0,0,0,0,0,0,0,0,0,0,0,0,0,0,0,0,0,0,0,0,0,0,0,0,0,0,0,0,0,0,0,0,0,0,833,409,0,0
오스틴,0,0,0,0,0,0,0,0,0,0,0,0,0,0,0,0,0,0,0,0,0,0,0,0,0,0,0,0,0,0,0,0,0,0,0,0,0,0,0,0,0,519,0,0,0
오신환,0,0,0,0,0,0,0,0,0,0,0,0,0,0,0,0,0,0,553,433,175,185,0,111,154,152,76,0,0,0,0,0,0,0,0,0,0,0,0,0,256,0,0,0,0
오염수,0,0,0,0,0,0,0,0,0,0,0,0,0,0,0,0,0,0,0,0,0,0,115,0,0,0,0,0,0,0,0,0,0,0,0,0,184,0,0,0,0,0,914,176,0
올림픽,267,353,635,3762,3506,321,0,0,0,0,0,166,0,0,0,0,0,0,0,0,0,0,159,116,138,0,104.5,209,0,236,0,0,0,0,0,0,0,280,0,0,203,0,391,161,577
옵티머스,0,0,0,0,0,0,0,0,0,0,0,0,0,0,0,0,0,0,0,0,0,0,0,0,0,0,0,0,0,0,0,0,0,189,0,0,2393,0,168,0,0,0,0,141,0
왕세제,0,0,0,151,0,226,0,0,0,0,0,0,0,0,0,0,149,0,0,0,0,0,0,0,0,0,0,0,0,0,0,0,0,0,0,0,0,0,0,0,0,0,0,0,0
외교관,0,0,0,0,0,0,0,0,0,0,0,0,0,0,0,0,0,0,0,334,0,0,0,0,0,0,0,0,0,0,0,0,0,0,292,0,171,0,0,0,0,0,0,0,0
외교부,429,319,646,560,275,393,393,294,283,283,383,352,650,363,399,377,350,571,375,1180,431,725,872,487,447,0,0,0,97,159,0,197,168,173,354,192,509,224,135,290,201,185,235,0,175
외교장관,0,0,0,0,0,0,0,0,0,0,0,0,0,0,0,0,0,0,0,0,0,133,392,0,0,0,0,0,0,0,0,0,0,0,0,0,0,0,0,0,0,0,0,0,0
외무상,0,0,0,0,0,233,378,0,0,0,410,322,151,0,0,0,147,193,0,0,0,303,434,280,0,0,90,180,0,0,0,0,0,0,0,0,0,0,0,0,0,0,0,159,0
외무성,0,0,0,0,0,0,0,300,0,0,0,0,0,0,0,0,0,0,153,134,156,233,228,170,246,223,111.5,0,0,0,0,0,0,0,0,0,0,0,0,0,0,0,0,0,0
우드워드,0,0,0,0,0,0,0,0,0,0,0,215,0,0,0,0,0,0,0,0,0,0,0,0,0,0,0,0,0,0,0,0,0,0,0,380,0,0,0,0,0,0,0,0,0
우리나라,128,123,123,147,0,0,0,0,0,0,0,0,144,0,0,0,0,0,0,0,0,0,0,0,0,0,0,0,0,0,0,0,0,0,0,0,0,0,0,0,0,0,0,0,0
우상호,0,0,0,0,0,162,185,0,0,0,0,0,0,0,0,0,0,0,0,0,0,0,0,0,0,0,0,0,0,0,0,0,0,0,0,0,0,0,145,531,842,0,0,0,0
우크라이나,0,0,0,0,0,0,0,0,0,0,0,0,0,0,0,0,0,0,135,0,0,0,0,458,402,335,306.5,278,0,0,0,0,0,0,0,0,0,0,0,0,0,0,0,0,0
우편투표,0,0,0,0,0,0,0,0,0,0,0,0,0,0,0,0,0,0,0,0,0,0,0,0,0,0,0,0,0,0,0,0,0,0,145,0,0,623,0,0,0,0,0,0,0
워싱턴,127,0,0,0,0,196,0,431,227,227,0,172,200,193,141,535,215,286,374,0,0,268,0,0,147,116,127.5,139,87,0,0,0,0,0,0,0,0,249,0,287,0,0,0,409,0
워킹그룹,0,0,0,0,0,0,0,0,0,0,0,0,0,285,135,0,0,0,0,0,0,0,0,0,0,0,0,0,0,0,0,0,0,0,0,0,0,0,0,0,0,0,0,0,134
원구성,0,0,0,0,0,0,0,0,224,224,0,0,0,0,0,0,0,0,0,0,0,0,0,0,0,0,0,0,0,0,0,0,203,0,0,0,0,0,0,0,0,0,0,0,0
원내대표,435,407,2429,1142,1244,1423,1661,2789,1235,1235,1764,1293,1151,2341,3161,2020,1607,2907,3260,4802,3043,2969,1638,2539,2838,1920,1345,770,708,473,709,2135,1770,1328,706,809,898,731,993,664,501,411,878,717,0
원희룡,0,0,0,0,0,0,0,206,250,250,0,0,0,0,0,0,0,0,0,0,0,0,0,0,0,0,0,0,0,0,0,0,0,0,0,0,0,0,0,0,0,0,0,0,149
위성정당,0,0,0,0,0,0,0,0,0,0,0,0,0,0,0,0,0,0,0,0,0,0,0,0,0,0,0,0,111,238,200,0,0,0,0,0,0,0,0,0,0,0,0,0,0
위안부,233,276,1072,1208,324,305,0,0,0,0,336,223,172,308,0,313,309,137,0,0,0,245,637,422,0,152,76,0,0,0,0,1250,595,0,0,199,0,0,0,525,323,447,244,0,143
위안부_합의,0,0,329,278,0,0,0,0,0,0,0,0,0,0,0,0,0,0,0,0,0,0,0,0,0,0,0,0,0,0,0,0,0,0,0,0,0,0,0,0,0,0,0,0,0
위원장,1845,1167,1703,3243,3892,5583,8559,6087,7039,7039,3080,8589,3864,3369,4263,4779,6064,3660,4263,1953,5124,3946,2306,1902,2582,2922,3816,4710,3764,6275,9391,4423,8991,5393,4238,5165,4926,4155,4322,4738,3054,4528,4987,2680,3021
위원회,777,483,669,733,688,887,689,779,913,913,793,634,1150,1391,1024,1086,757,1086,1189,776,969,1050,825,729,0,0,0,0,0,0,0,0,0,0,0,0,0,0,0,0,0,0,0,0,0
유가족,0,0,0,0,0,0,0,0,0,0,0,0,0,0,0,0,0,0,189,0,0,0,0,0,0,0,0,0,0,0,185,174,0,0,0,0,176,0,0,0,0,0,0,0,173
유공자,0,0,0,0,0,0,0,0,0,0,0,0,0,0,0,0,354,0,0,0,143,0,0,0,0,0,0,0,0,0,0,0,189,0,0,0,0,0,0,0,0,0,0,0,219
유권자,0,0,0,0,0,0,207,637,916,916,0,0,0,0,0,0,0,0,0,0,0,0,0,0,0,217,441,665,673,1242,3264,191,163,185,193,234,463,718,0,0,155,439,732,133,153
유권자들,0,0,0,0,0,0,0,290,529,529,0,0,0,0,0,0,0,0,0,0,0,0,0,0,0,0,0,0,116,264,686,0,0,0,0,0,0,0,0,0,0,0,0,0,0
유승민,155,279,206,446,191,0,0,206,188,188,0,0,0,0,0,0,0,0,320,301,0,0,270,179,392,510,536.5,563,337,141,253,0,0,0,0,0,0,310,173,157,149,146,0,366,410
유시민,0,0,0,0,0,0,0,0,0,0,0,0,0,0,0,255,0,0,0,237,0,0,0,139,213,0,0,0,0,0,329,0,0,0,0,0,0,0,0,0,0,0,0,0,0
유엔사,0,202,0,0,0,0,0,0,0,0,0,0,293,0,0,0,0,0,0,0,0,0,0,113,0,0,0,0,0,0,0,130,0,0,0,0,0,0,0,0,0,0,0,0,0
유엔총회,0,0,0,0,0,0,0,0,0,0,0,482,0,0,0,0,0,0,0,0,0,0,0,527,0,0,0,0,0,0,0,0,0,0,0,204,0,0,0,0,0,0,0,0,0
유은혜,0,0,0,0,0,0,0,0,0,0,136,161,393,0,0,0,0,0,0,0,0,0,0,0,0,0,0,0,0,0,0,0,0,0,0,0,0,0,0,0,0,0,0,0,0
유재수,0,0,0,0,0,0,0,0,0,0,0,0,0,0,0,0,0,0,0,0,0,0,0,0,0,261,216.5,172,0,0,0,0,0,0,0,0,0,0,0,0,0,0,0,0,0
유치원,0,0,0,0,0,0,0,0,0,0,0,0,888,505,1136,0,0,314,0,0,0,0,0,0,0,139,183,227,0,0,0,0,0,0,0,0,0,0,0,0,0,0,0,0,0
유치원_3법,0,0,0,0,0,0,0,0,0,0,0,0,0,0,587,0,0,0,0,0,0,0,0,0,0,0,59,118,0,0,0,0,0,0,0,0,0,0,0,0,0,0,0,0,0
유튜브,0,0,0,0,0,0,0,0,0,0,0,0,0,0,0,213,0,0,0,0,0,0,0,0,124,0,0,0,0,165,279,0,0,0,176,0,0,0,0,0,0,0,0,0,0
윤_총장_측,0,0,0,0,0,0,0,0,0,0,0,0,0,0,0,0,0,0,0,0,0,0,0,0,0,0,0,0,0,0,0,0,0,0,0,0,0,0,539,0,0,0,0,0,0
윤리위,152,0,0,0,0,0,0,0,0,0,0,0,0,0,0,0,452,196,0,0,0,0,0,0,0,0,0,0,0,0,266,0,0,0,0,0,0,0,0,0,0,0,0,0,0
윤미향,0,0,0,0,0,0,0,0,0,0,0,0,0,0,0,0,0,0,0,0,0,0,0,0,0,0,0,0,0,0,0,1899,873,0,0,374,0,0,181,0,0,0,0,0,0
윤석열,0,0,0,0,0,0,0,0,0,0,0,0,0,0,0,0,0,0,0,0,363,551,122,374,672,173,490,807,140,0,349,0,586,672,524,0,1285,2300,3279,662,354,2239,1034,1199,3907
윤석열_검찰총장,0,0,0,0,0,0,0,0,0,0,0,0,0,0,0,0,0,0,0,0,0,0,0,0,0,0,0,0,0,0,0,0,0,0,0,0,0,230,343,0,0,0,0,0,0
윤석열_총장,0,0,0,0,0,0,0,0,0,0,0,0,0,0,0,0,0,0,0,0,0,0,0,0,0,0,0,0,0,0,0,0,0,0,0,0,0,257,358,0,0,0,0,0,0
윤호중,0,0,0,0,0,0,0,0,0,0,0,0,0,0,0,0,0,0,0,0,0,0,0,0,0,0,0,0,0,0,0,0,0,0,0,0,0,0,0,0,0,0,427,144,0
음주운전,0,0,0,0,0,0,0,0,0,0,0,0,214,634,0,0,0,0,0,0,0,0,0,154,0,0,0,0,0,0,0,0,0,0,0,0,0,0,0,0,0,0,0,0,0
응원단,0,0,0,461,1081,0,0,0,0,0,0,0,0,0,0,0,0,0,0,0,0,0,0,0,0,0,0,0,0,0,0,0,0,0,0,0,0,0,0,0,0,0,0,0,0
의료계,0,0,0,0,0,0,0,0,0,0,0,0,0,0,0,0,0,0,0,0,0,0,0,0,0,0,0,0,0,0,0,0,0,0,347,392,0,0,0,0,0,0,0,0,0
의원들,291,0,0,494,457,262,238,293,697,697,456,404,1038,667,818,556,781,840,1568,659,824,0,0,0,0,0,0,0,0,0,0,0,0,0,0,0,0,0,0,0,0,0,0,0,0
의원실,0,0,0,0,0,0,0,0,0,0,0,291,0,0,0,0,0,0,0,0,0,0,0,0,0,0,0,0,0,0,0,0,202,0,0,149,171,0,0,0,0,0,0,0,0
의장단,0,0,0,0,0,0,0,0,0,0,0,0,0,0,0,0,0,0,0,0,0,0,0,0,0,0,0,0,0,0,0,212,551,379,0,0,0,0,0,0,0,0,0,0,0
이낙연,0,0,0,0,0,0,0,0,0,0,0,0,0,0,0,0,0,172,0,136,149,248,118,170,437,181,335,489,559,551,1114,366,509,1250,1483,1333,962,1354,761,1535,1002,817,532,840,736
이낙연_대표,0,0,0,0,0,0,0,0,0,0,0,0,0,0,0,0,0,0,0,0,0,0,0,0,0,0,0,0,0,0,0,0,0,0,0,145,0,171,0,245,120,0,0,0,0
이라크,0,0,0,0,0,0,0,0,0,0,0,0,0,0,0,0,0,0,0,0,0,0,0,0,0,0,334,668,0,0,0,0,0,0,0,0,0,0,0,0,0,0,0,0,0
이명박,550,479,251,1086,391,1359,254,0,0,0,0,0,244,0,0,0,0,225,0,0,0,0,0,0,0,0,0,0,120,0,0,0,0,0,132,0,307,312,177,380,346,298,180,0,0
이미선,0,0,0,0,0,0,0,0,0,0,0,0,0,0,0,0,0,0,692,0,0,0,0,0,0,0,0,0,0,0,0,0,0,0,0,0,0,0,0,0,0,0,0,0,0
이방카,0,0,0,0,994,0,0,0,0,0,0,0,0,0,0,0,0,0,0,0,139,0,0,0,0,0,0,0,0,0,0,0,0,0,0,0,0,0,0,0,0,0,0,0,0
이사장,267,157,113,153,176,200,196,0,0,0,0,0,283,0,200,434,201,260,144,400,257,0,119,277,0,0,0,0,0,0,0,0,0,0,0,0,0,0,0,0,0,0,0,0,0
이사회,0,0,0,0,0,0,0,0,0,0,0,0,0,0,0,0,0,0,0,0,0,0,0,0,0,0,0,0,0,0,0,0,0,0,0,0,161,0,0,0,240,240,0,0,0
이산가족,0,0,0,321,0,0,323,0,408,408,1307,431,0,0,0,0,0,0,0,0,0,0,0,140,0,0,0,0,0,0,0,0,0,0,0,0,0,0,0,0,0,0,0,0,0
이상설,0,0,0,0,0,0,0,0,0,0,0,0,0,0,0,0,0,0,0,0,0,0,0,0,0,0,0,0,0,0,594,281,0,0,0,0,0,0,0,0,0,0,0,0,0
이상직,0,0,0,0,0,0,0,0,0,0,0,0,0,0,0,0,0,0,0,0,0,0,0,0,0,0,0,0,0,0,0,0,0,0,0,412,0,0,0,0,0,0,260,0,0
이성윤,0,0,0,0,0,0,0,0,0,0,0,0,0,0,0,0,0,0,0,0,0,0,0,0,0,0,67,134,0,0,0,0,0,0,0,0,0,0,0,0,0,0,331,203,0
이스라엘,0,0,202,0,0,0,0,0,0,0,0,0,0,0,0,0,0,0,0,0,0,146,0,0,0,0,0,0,0,0,0,0,0,0,0,0,0,0,0,0,0,0,0,231,0
이스타항공,0,0,0,0,0,0,0,0,0,0,0,0,0,0,0,0,0,0,0,0,0,0,0,0,0,0,0,0,0,0,0,0,138,189,0,417,0,0,0,0,0,0,349,0,0
이야기,246,228,265,425,339,404,467,485,474,474,400,448,329,342,369,348,396,402,291,414,387,0,0,0,0,0,0,0,0,0,0,0,0,0,0,0,0,0,0,0,0,0,0,0,0
이언주,0,0,0,0,0,0,0,0,0,0,0,0,0,156,0,0,0,140,285,0,0,0,0,156,0,0,0,0,151,0,0,0,0,0,0,0,0,0,0,0,283,0,0,0,0
이용수,0,0,0,0,0,0,0,0,0,0,0,0,0,0,0,0,0,0,0,0,0,0,0,0,0,0,0,0,0,0,0,550,147,0,0,0,0,0,0,0,0,0,0,0,0
이익공유,0,0,0,0,0,0,0,0,0,0,0,0,0,0,0,0,0,0,0,0,0,0,0,0,0,0,0,0,0,0,0,0,0,0,0,0,0,0,0,621,0,0,0,0,0
이인영,0,0,0,0,0,0,0,0,0,0,0,0,0,0,0,0,0,0,0,653,308,305,148,187,308,220,202,184,193,131,214,0,0,799,237,200,0,206,0,0,139,0,0,0,0
이재명,0,0,0,0,0,204,460,794,1387,1387,195,0,154,475,199,0,0,0,0,0,0,0,0,0,0,0,0,0,0,148,0,0,363,956,517,800,614,554,307,955,687,727,747,1120,1751
이재명_후보,0,0,0,0,0,0,0,0,293,293,0,0,0,0,0,0,0,0,0,0,0,0,0,0,0,0,0,0,0,0,0,0,0,0,0,0,0,0,0,0,0,0,0,0,0
이준석,0,0,0,0,0,0,0,0,0,0,0,0,0,0,0,0,0,0,0,0,0,0,0,0,0,0,0,0,0,0,0,0,0,0,0,0,0,0,0,0,0,143,0,1505,4395
이해찬,0,0,0,0,0,0,0,0,0,0,1038,573,322,265,283,233,184,274,310,251,198,280,275,221,329,394,361.5,329,294,373,475,250,290,538,351,0,0,0,0,0,0,0,0,0,0
이희호,0,0,0,0,0,0,0,0,0,0,0,0,0,0,0,0,0,0,0,0,944,0,0,0,0,0,0,0,0,0,0,0,0,0,0,0,0,0,0,0,0,0,0,0,0
이희호_여사,0,0,0,0,0,0,0,0,0,0,0,0,0,0,0,0,0,0,0,0,504,0,0,0,0,0,0,0,0,0,0,0,0,0,0,0,0,0,0,0,0,0,0,0,0
인권위,0,0,0,0,0,0,0,0,0,0,0,0,0,0,0,0,0,0,0,0,0,0,0,0,0,0,121,242,0,0,0,0,0,0,0,0,0,0,0,186,0,0,0,0,0
인도네시아,0,375,0,0,0,0,0,0,0,0,0,248,0,0,0,0,0,0,0,0,0,0,0,0,0,0,0,0,0,0,0,0,0,0,0,0,0,0,0,0,0,0,0,0,0
인도적,0,0,0,0,0,0,0,0,0,0,0,0,0,0,137,0,0,0,0,609,0,0,0,0,0,0,0,0,0,0,0,0,0,0,0,0,0,0,0,0,0,0,0,0,0
인사청문회,0,0,0,0,0,0,0,0,0,0,0,208,157,0,0,0,0,367,222,0,199,164,1135,1109,0,0,0,0,0,0,0,0,0,179,0,0,0,0,215,0,0,0,0,316,0
인수위,0,0,0,0,0,0,0,0,345,345,0,0,0,0,0,0,0,0,0,0,0,0,0,0,0,0,0,0,0,0,0,0,0,0,0,0,0,181,0,0,0,0,0,0,0
인천시장,0,0,0,0,0,0,181,229,200,200,0,0,0,0,0,0,0,0,0,0,0,0,0,0,0,0,0,0,0,0,0,0,0,0,0,0,0,0,0,0,0,0,0,0,0
인터넷,108,0,0,0,0,0,229,0,0,0,464,174,0,0,0,0,0,0,0,0,0,0,0,0,0,0,0,0,0,181,164,0,0,0,0,0,0,0,0,0,0,0,0,0,0
인터뷰,268,201,319,420,300,323,385,470,537,537,323,413,290,256,144,205,211,199,192,256,227,170,146,0,0,0,0,0,0,0,0,0,0,0,0,0,0,0,0,0,0,0,0,0,0
인프라,0,0,0,0,0,0,0,0,241,241,0,0,0,0,0,0,0,0,0,0,0,0,0,0,0,0,0,0,0,0,0,135,0,0,0,0,0,0,0,0,0,0,150,0,0
일본_정부,0,0,159,253,0,0,0,0,0,0,0,0,0,174,0,0,0,0,0,119,0,1199,887,180,163,431,215.5,0,0,0,0,104,189,0,182,0,211,0,0,312,0,0,397,127,142
일자리,347,313,432,766,541,599,459,1001,940,940,1139,450,899,809,571,586,283,311,239,297,248,396,141,171,368,321,359,397,318,218,755,691,648,501,158,269,409,310,190,365,532,423,495,599,572
임대료,0,0,0,0,0,0,0,0,0,0,0,0,0,0,0,0,0,0,0,0,0,0,0,0,0,0,0,0,151,0,0,0,0,190,126,274,0,0,641,166,0,0,163,0,0
임대차,0,0,0,0,0,0,0,0,0,0,0,0,0,0,0,0,0,0,0,0,0,0,0,0,0,0,0,0,0,0,0,0,0,720,467,0,168,290,0,0,0,151,195,0,0
임성근,0,0,0,0,0,0,0,0,0,0,0,0,0,0,0,0,0,0,0,0,0,0,0,0,0,0,0,0,0,0,0,0,0,0,0,0,0,0,0,0,521,0,0,0,0
임시국회,0,0,446,167,125,0,211,0,0,0,0,0,0,0,395,238,199,153,0,0,220,353,0,0,0,0,0,0,0,0,0,0,0,0,0,0,0,0,0,0,0,0,0,0,0
임시회,0,0,0,0,0,0,0,0,0,0,0,0,0,0,0,0,0,0,0,0,0,0,0,0,0,0,0,0,86,135,199,229,0,307,139,346,238,0,0,228,175,314,231,205,0
임종석,0,0,186,170,0,0,179,0,0,0,0,162,143,231,225,208,0,0,0,0,0,0,0,0,0,169,213.5,258,0,0,173,0,0,0,0,0,0,0,0,0,0,0,0,0,0
임혜숙,0,0,0,0,0,0,0,0,0,0,0,0,0,0,0,0,0,0,0,0,0,0,0,0,0,0,0,0,0,0,0,0,0,0,0,0,0,0,0,0,0,0,0,560,0
자민당,175,0,0,0,0,0,0,0,0,0,0,0,0,0,0,0,0,0,0,0,0,291,205,114,0,0,0,0,0,0,0,0,0,0,0,464,0,0,0,0,0,0,0,0,0
자영업자,0,0,0,0,0,0,0,0,0,0,270,0,0,0,0,0,205,0,0,0,0,0,0,0,0,0,0,0,122,257,191,128,0,0,0,311,0,0,340,876,458,0,0,0,174
자유한국당,1137,918,1289,1312,1042,1448,1724,2158,2630,2630,514,730,1084,980,1361,1313,1929,1395,2109,1495,1239,1325,1044,1236,1471,469,474,479,332,0,0,0,0,0,0,0,0,0,0,0,0,0,0,0,0
잠수함,131,0,0,0,0,0,0,0,0,0,0,0,0,0,0,0,0,0,0,0,0,207,0,0,205,0,0,0,0,0,0,0,0,0,0,0,0,0,0,0,0,0,0,0,0
장관_후보자,0,0,0,0,0,0,0,0,0,0,0,0,0,0,0,0,0,608,401,0,0,0,233,171,0,0,0,0,0,0,0,0,0,0,0,0,0,0,352,0,0,0,0,0,0
장하성,0,0,0,0,0,0,0,0,0,0,278,0,0,256,0,0,0,0,0,0,0,0,0,0,0,0,0,0,0,0,0,0,0,0,0,0,0,0,0,0,0,0,0,0,0
재건축,0,0,0,0,0,0,0,0,187,187,0,0,0,0,0,0,0,0,0,0,0,0,0,0,0,0,0,0,0,0,0,0,0,0,0,0,0,0,0,172,0,161,252,0,0
재검토,0,0,0,0,0,0,0,0,0,0,0,0,0,0,0,0,0,0,0,0,0,165,187,220,0,0,0,0,0,0,0,0,0,0,0,0,0,0,0,0,0,0,0,0,0
재난지원금,0,0,0,0,0,0,0,0,0,0,0,0,0,0,0,0,0,0,0,0,0,0,0,0,0,0,0,0,0,0,412,130,0,0,410,169,0,173,0,230,210,0,0,0,260
재보선,0,0,0,0,0,0,0,0,187,187,0,0,0,0,0,0,0,0,0,0,0,0,0,0,0,0,0,0,0,0,0,0,0,0,0,0,0,0,0,0,0,0,199,0,0
재산세,0,0,0,0,0,0,0,0,0,0,0,0,0,0,0,0,0,0,0,0,0,0,0,0,0,0,0,0,0,0,0,0,0,0,0,0,325,255,0,0,0,0,257,548,0
재송부,0,0,0,0,0,0,0,0,0,0,0,0,0,0,0,0,0,0,137,0,0,0,0,316,0,0,0,0,0,0,0,0,0,0,0,0,0,0,0,0,0,0,0,140,0
재정부,0,0,0,0,0,0,0,0,0,0,0,0,0,0,0,0,0,0,0,0,0,0,0,0,0,0,0,0,0,0,0,146,0,147,166,180,178,0,0,0,146,154,0,0,0
재판관,381,0,0,0,0,0,0,0,0,0,0,0,0,0,0,0,0,0,275,0,0,0,0,0,0,0,0,0,0,0,0,0,0,0,0,0,0,0,0,0,134,0,0,0,0
재판부,524,186,166,222,650,0,548,222,0,0,288,0,585,204,0,266,191,365,139,184,0,0,173,0,0,0,78,156,179,0,0,119,163,164,172,171,207,370,545,392,294,0,171,135,229
재해법,0,0,0,0,0,0,0,0,0,0,0,0,0,0,0,0,0,0,0,0,0,0,0,0,0,0,0,0,0,0,0,0,0,0,0,0,0,0,519,617,0,0,0,0,0
재협상,221,0,153,285,0,0,0,0,0,0,0,0,0,0,0,0,0,0,0,0,0,0,0,0,0,0,0,0,0,0,0,0,0,0,0,0,0,0,0,0,0,0,0,0,0
재확인,0,328,0,0,161,0,0,190,265,265,0,259,0,0,133,0,0,0,175,0,0,0,0,274,0,220,110,0,0,0,0,0,0,0,0,0,0,0,0,0,0,0,0,0,0
적폐청산,325,249,137,152,0,0,0,0,0,0,0,0,0,0,0,0,0,0,0,0,0,0,0,0,0,0,0,0,0,0,0,0,0,0,0,0,0,0,0,0,0,0,0,0,0
전광훈,0,0,0,0,0,0,0,0,0,0,0,0,0,0,0,0,0,0,0,0,0,0,0,0,0,0,0,0,0,0,0,0,0,0,559,0,0,0,0,0,0,0,0,0,0
전교조,0,0,0,0,0,0,0,0,214,214,0,0,0,0,0,0,0,0,0,0,0,0,0,0,0,0,0,0,0,0,0,0,0,0,0,142,0,0,0,0,0,0,0,0,0
전당대회,108,188,147,361,0,0,0,0,275,275,422,0,0,316,147,721,1441,0,0,0,0,0,0,0,0,0,0,0,0,0,147,0,135,0,419,0,0,0,0,0,0,0,440,342,297
전당원,0,0,415,0,0,0,0,0,0,0,0,0,0,0,0,0,0,0,0,0,0,0,0,0,0,0,0,0,0,0,0,0,0,0,0,0,0,186,0,0,0,0,0,0,0
전두환,0,0,0,0,0,0,0,0,0,0,138,0,0,0,0,182,0,489,0,168,0,0,0,0,0,119,59.5,0,0,0,0,263,0,0,0,0,0,203,0,0,0,0,0,0,0
전략공천,0,0,0,0,128,289,228,195,0,0,0,0,0,0,0,0,0,0,0,0,0,0,0,0,0,0,0,0,267,266,0,0,0,0,0,0,0,0,0,0,0,0,0,0,0
전문가,158,175,0,0,0,0,235,338,208,208,149,149,139,150,0,163,0,251,0,0,0,0,164,0,0,0,0,0,0,0,0,0,0,0,0,0,0,0,0,0,0,0,0,0,0
전수조사,0,0,0,0,0,0,0,0,0,0,0,0,0,0,0,0,0,0,0,0,0,0,0,124,187,0,0,0,0,0,0,0,0,0,0,0,0,0,0,0,0,688,0,0,329
전원책,0,0,0,0,0,0,0,0,0,0,0,0,253,313,0,0,0,0,0,0,0,0,0,0,0,0,0,0,0,0,0,0,0,0,0,0,0,0,0,0,0,0,0,0,0
전직_대통령,0,0,0,0,0,424,0,0,0,0,0,0,0,0,0,0,0,0,0,0,0,0,0,0,0,0,0,0,0,0,0,0,0,0,0,0,0,0,237,924,0,0,205,0,0
전해철,0,0,0,0,0,0,296,0,0,0,0,0,0,0,0,0,0,0,0,0,0,0,0,0,0,0,0,0,0,0,0,110,0,0,0,0,0,0,209,0,0,0,0,0,0
점검단,0,0,0,524,0,0,0,0,0,0,0,0,0,0,0,0,0,0,0,0,0,0,0,0,0,0,0,0,0,0,0,0,0,0,0,0,0,0,0,0,0,0,0,0,0
정개특위,0,0,0,0,0,0,0,0,0,0,0,0,154,0,298,195,0,0,389,0,345,525,465,0,0,0,0,0,0,0,0,0,0,0,0,0,0,0,0,0,0,0,0,0,0
정경심,0,0,0,0,0,0,0,0,0,0,0,0,0,0,0,0,0,0,0,0,0,0,0,124,290,0,0,0,0,0,0,0,0,0,0,0,0,0,266,0,0,0,0,0,0
정권교체,0,0,0,0,0,0,0,0,0,0,0,0,0,0,0,0,0,0,0,0,0,0,0,0,0,0,0,0,0,0,0,0,0,0,0,0,0,0,0,0,0,0,0,193,370
정기국회,0,0,0,0,0,0,0,0,0,0,131,335,0,201,0,0,0,0,0,0,0,0,0,568,0,0,0,0,0,0,0,0,0,0,0,137,0,0,0,0,0,0,0,0,0
정동영,0,0,0,0,0,0,0,0,0,0,220,152,0,0,0,0,0,0,0,0,0,136,0,0,0,0,0,0,0,0,0,0,0,0,0,0,0,0,0,0,0,0,0,0,0
정례회,0,0,0,0,0,0,0,0,0,0,0,0,0,0,0,0,0,0,0,0,0,0,0,0,0,0,0,0,0,0,0,0,222,0,0,0,0,0,136,0,0,0,0,0,226
정무수석,0,121,0,0,0,0,0,0,0,0,0,0,0,0,0,214,0,0,0,0,0,0,0,0,0,121,60.5,0,0,0,0,0,0,0,0,0,0,0,0,0,0,0,0,0,0
정봉주,0,0,119,0,0,722,0,0,0,0,0,0,0,0,0,0,0,0,0,0,0,0,0,0,0,0,0,0,256,0,0,0,0,0,0,0,0,0,0,0,0,0,0,0,0
정부의,0,0,0,0,300,245,183,250,0,0,447,430,492,347,281,0,0,0,0,0,0,0,0,0,0,0,0,0,0,0,0,0,0,0,0,0,0,0,0,0,0,0,0,0,0
정상화,0,113,0,0,180,0,235,682,0,0,0,0,0,215,0,0,395,226,0,970,1431,214,0,0,0,0,0,0,0,0,0,0,0,0,0,0,0,0,0,0,0,0,0,0,0
정상회담,395,1331,635,149,680,4123,7006,7153,4487,4487,1284,4595,1438,1322,1092,2228,4710,2077,3022,864,2966,705,299,1323,470,499,249.5,0,0,0,0,0,255,309,0,0,0,0,0,0,0,0,333,914,415
정상회의,0,391,0,0,0,0,0,328,0,0,0,0,0,870,0,0,0,0,0,0,734,0,195,118,154,460,230,0,0,0,0,0,0,0,0,0,0,328,0,0,0,0,0,170,215
정세균,0,0,0,0,0,0,0,0,0,0,0,0,0,0,0,0,0,0,0,0,0,0,0,0,0,0,272.5,545,144,122,0,0,0,231,0,207,0,0,157,324,232,253,299,474,622
정의당,163,195,125,268,294,836,633,671,773,773,516,258,354,409,614,329,347,966,1199,357,454,874,513,634,564,678,706,734,541,1995,1834,448,292,644,433,637,776,584,1073,1549,581,456,458,442,269
정의연,0,0,0,0,0,0,0,0,0,0,0,0,0,0,0,0,0,0,0,0,0,0,0,0,0,0,0,0,0,0,0,1245,534,0,0,219,0,0,0,0,0,0,0,0,0
정의용,0,0,0,0,0,571,0,0,0,0,0,344,0,0,0,0,0,0,0,0,0,0,0,0,0,0,0,0,0,0,0,0,0,0,0,0,0,0,0,0,0,0,0,0,0
정책실장,0,0,0,0,0,0,0,0,0,0,144,0,0,636,0,0,0,0,0,0,356,196,0,0,0,0,0,0,0,0,0,0,0,0,0,0,0,0,0,0,0,0,0,0,0
정책위,0,0,0,0,0,0,0,0,0,0,0,0,0,0,0,0,0,0,0,0,0,0,0,0,0,0,0,0,0,0,204,324,0,0,0,288,0,0,0,0,0,0,0,0,149
정책위의장,0,0,194,0,0,0,0,0,0,0,0,0,0,0,211,0,0,0,0,248,0,0,0,0,0,0,0,0,0,0,0,0,0,0,0,0,0,0,0,0,0,0,0,0,0
정치권,281,233,257,381,297,389,275,204,229,229,259,189,197,252,224,322,213,280,215,452,286,342,300,306,373,188,222,256,203,179,234,0,174,191,194,207,278,248,186,376,263,300,249,202,396
정치보복,177,123,0,304,0,216,0,0,0,0,0,0,0,0,0,0,0,0,0,0,0,0,0,0,0,0,0,0,0,0,0,0,0,0,0,0,0,0,0,0,0,0,0,0,0
정치인,125,126,165,191,0,180,0,187,281,281,158,0,0,0,139,198,173,162,0,144,169,172,117,0,157,285,346.5,408,311,395,578,268,257,313,319,195,630,443,341,470,359,485,327,418,762
제주도,0,0,0,0,0,0,0,0,264,264,0,0,0,0,0,0,0,0,0,0,0,0,0,0,0,0,0,0,0,0,0,0,0,0,0,0,0,0,0,0,0,0,0,0,0
조강특위,0,0,0,0,0,0,0,0,0,0,0,0,334,361,175,0,0,0,0,0,0,0,0,0,0,0,0,0,0,0,0,0,0,0,0,0,0,0,0,0,0,0,0,0,0
조국_사태,0,0,0,0,0,0,0,0,0,0,0,0,0,0,0,0,0,0,0,0,0,0,0,0,301,125,62.5,0,0,0,0,0,0,0,0,0,0,0,0,0,0,0,215,0,210
조국_장관,0,0,0,0,0,0,0,0,0,0,0,0,0,0,0,0,0,0,0,0,0,0,0,520,401,0,0,0,0,0,0,0,0,0,0,0,0,0,0,0,0,0,0,0,0
조례안,0,0,0,0,0,0,0,0,0,0,0,0,0,0,0,0,0,169,138,119,168,134,0,136,0,0,0,0,0,0,153,176,211,0,0,263,209,0,175,157,155,258,231,163,203
조명균,0,0,0,239,0,0,0,0,0,0,0,0,271,0,0,0,0,0,0,0,0,0,0,0,0,0,0,0,0,0,0,0,0,0,0,0,0,0,0,0,0,0,0,0,0
조지아주,0,0,0,0,0,0,0,0,0,0,0,0,0,0,0,0,0,0,0,0,0,0,0,0,0,0,0,0,0,0,0,0,0,0,0,0,0,337,0,223,0,0,0,0,0
조합원,0,0,0,0,0,0,0,0,0,0,0,0,0,0,0,0,333,597,0,0,0,0,0,0,0,0,0,0,0,0,0,0,0,0,0,0,0,0,0,0,0,0,0,0,0
조합장,0,0,0,0,0,0,0,0,0,0,0,0,0,0,0,273,606,1034,0,0,0,0,0,0,0,0,90.5,181,0,0,0,0,0,0,0,0,0,0,0,0,0,0,0,0,0
종로구,0,0,0,0,0,0,0,0,0,0,0,0,0,0,0,0,0,0,0,0,0,0,0,0,0,0,0,0,127,0,415,0,0,0,0,0,0,0,0,0,0,0,0,0,0
종부세,0,0,0,0,0,0,0,0,0,0,0,144,0,0,0,0,0,0,0,0,0,0,0,0,0,0,0,0,0,0,233,108,142,557,126,0,0,0,0,0,0,0,781,639,498
종전선언,0,0,0,0,0,0,296,339,637,637,1000,1578,744,0,0,0,654,0,0,0,0,0,0,0,0,0,0,0,0,0,0,0,0,0,0,402,454,0,0,0,0,0,0,0,0
주민들,0,0,110,0,0,0,213,319,308,308,133,226,207,133,0,197,139,139,158,194,173,133,112,0,134,0,0,0,0,0,294,0,188,0,137,0,0,0,0,0,127,0,0,0,0
주한미군,0,0,0,0,0,223,184,823,545,545,0,254,0,136,0,225,288,0,0,0,0,0,0,185,0,181,90.5,0,0,0,0,108,142,267,0,0,0,0,313,0,0,0,0,0,0
주호영,0,0,0,0,0,0,0,0,0,0,0,0,0,0,0,0,0,0,0,0,0,0,0,0,0,0,0,0,0,0,169,852,764,569,321,528,470,356,540,352,249,216,714,565,313
중간선거,0,0,0,0,0,0,0,0,0,0,0,175,529,752,0,0,0,0,0,0,0,0,0,0,0,0,0,0,0,0,0,0,0,0,0,0,0,0,0,0,0,0,0,0,0
중국인,0,0,0,0,0,0,0,0,0,0,0,0,0,0,0,0,0,0,0,0,0,0,0,0,0,0,88,176,498,0,0,0,0,0,0,0,0,0,0,0,0,0,0,0,0
중기부,0,0,0,0,0,0,0,0,0,0,0,0,0,0,0,0,0,0,0,0,0,0,0,0,0,0,0,0,0,0,0,0,0,0,0,0,193,222,174,263,0,0,0,0,0
중대재해법,0,0,0,0,0,0,0,0,0,0,0,0,0,0,0,0,0,0,0,0,0,0,0,0,0,0,0,0,0,0,0,0,0,0,0,0,0,0,313,377,0,0,0,0,0
중소기업,146,134,114,215,0,0,0,0,0,0,0,0,159,133,0,246,235,172,0,0,0,0,0,0,159,0,79.5,159,89,304,0,120,163,167,0,182,308,250,173,449,136,172,149,0,0
중수청,0,0,0,0,0,0,0,0,0,0,0,0,0,0,0,0,0,0,0,0,0,0,0,0,0,0,0,0,0,0,0,0,0,0,0,0,0,0,0,0,0,551,0,0,0
중앙당,0,0,0,0,162,262,446,203,284,284,0,0,0,0,0,0,0,0,0,0,0,0,0,0,0,0,0,0,209,177,0,0,0,0,0,0,0,0,0,0,0,0,0,0,0
지검장,179,0,0,0,0,0,0,0,0,0,0,0,0,0,0,0,0,0,0,0,151,0,0,0,0,0,118.5,237,0,0,0,0,0,0,0,0,0,0,0,0,0,0,419,268,0
지난달,0,99,212,0,163,0,265,274,287,287,180,167,197,157,189,0,185,258,250,261,272,0,0,0,0,0,0,0,0,0,0,0,0,0,0,0,0,0,0,0,0,0,0,0,0
지도부,185,140,173,169,163,203,0,255,612,612,329,178,0,181,212,236,505,291,616,556,186,309,185,225,319,413,378,343,446,420,943,718,225,321,795,436,226,314,284,492,353,195,1231,1173,1211
지도자,0,107,0,0,0,0,246,0,184,184,0,0,0,0,0,0,0,0,0,0,175,0,0,0,191,0,72.5,145,0,0,182,0,135,0,226,185,0,0,0,0,0,0,0,0,175
지방분권,195,128,132,403,221,419,0,0,0,0,0,0,0,0,0,0,0,0,0,0,0,0,0,0,0,0,0,0,0,0,0,0,0,0,0,0,0,0,0,0,0,0,0,0,0
지방선거,468,482,1144,2024,1663,2433,1996,3212,3794,3794,286,0,0,178,198,0,0,0,141,0,0,0,0,0,0,0,0,0,0,0,0,0,0,0,0,0,0,0,0,0,0,0,0,0,158
지소미아,0,0,0,0,0,0,0,0,0,0,0,0,0,0,0,0,0,0,0,0,0,194,2705,509,327,3463,1731.5,0,0,0,0,0,0,0,0,0,0,0,0,0,0,0,0,0,0
지소미아_종료,0,0,0,0,0,0,0,0,0,0,0,0,0,0,0,0,0,0,0,0,0,0,653,130,0,923,461.5,0,0,0,0,0,0,0,0,0,0,0,0,0,0,0,0,0,0
지역구,0,0,264,165,213,247,0,245,319,319,0,0,158,283,534,476,0,650,403,320,274,295,172,168,346,709,946,1183,1616,2173,1935,212,145,271,224,0,0,0,0,0,0,0,170,0,0
지원금,0,0,0,0,0,0,0,0,0,0,0,0,0,0,0,0,0,0,0,0,0,0,0,0,0,0,0,0,0,391,3713,831,402,208,1603,1730,179,777,927,1630,2431,1159,0,267,1309
지자체,138,0,0,0,0,0,0,0,0,0,141,0,137,0,0,0,0,0,0,166,0,134,0,0,124,0,0,0,141,281,163,111,172,212,237,170,379,226,180,176,0,199,271,194,166
지지도,0,0,0,0,0,0,0,0,0,0,0,0,0,0,0,0,0,0,0,0,0,0,0,0,0,0,0,0,0,158,255,107,0,150,233,0,0,0,136,0,0,0,0,0,0
지지율,273,285,301,632,307,508,573,846,713,713,720,409,227,459,589,465,485,441,367,462,238,384,312,446,620,378,408.5,439,427,564,676,233,290,664,1537,483,669,862,1037,1061,595,1545,857,838,945
지지자,0,0,0,0,0,0,0,0,0,0,0,0,0,0,0,0,0,0,0,0,0,0,0,0,0,0,60,120,263,199,232,0,0,0,174,0,281,621,147,512,0,194,250,146,162
지지층,0,0,0,0,0,0,0,0,0,0,0,0,0,0,0,0,0,0,0,186,0,0,0,150,156,0,0,0,0,0,0,0,0,0,0,0,0,0,0,0,0,140,0,0,0
진중권,0,0,0,0,0,0,0,0,0,0,0,0,0,0,0,0,0,0,0,0,0,0,0,0,0,0,75,150,0,0,0,0,153,0,166,0,0,0,0,0,0,0,0,0,0
징계위,0,0,0,0,0,0,0,0,0,0,0,0,0,0,0,0,0,0,0,0,0,0,0,0,0,0,0,0,0,0,0,0,0,0,0,0,0,0,1770,0,0,0,0,0,0
차관보,0,0,0,0,0,0,0,0,0,0,0,0,0,0,0,0,0,0,0,0,0,213,0,0,0,267,133.5,0,0,0,0,0,0,0,0,0,0,0,0,0,0,0,0,0,0
차명진,0,0,0,0,0,0,0,0,0,0,0,0,0,0,0,0,0,0,0,0,0,0,0,0,0,0,0,0,0,0,683,0,0,0,0,0,0,0,0,0,0,0,0,0,0
착공식,0,0,0,0,0,0,0,0,0,0,0,0,0,177,826,0,0,0,0,0,0,0,0,0,0,0,0,0,0,0,0,0,0,0,0,0,0,0,0,0,0,0,0,0,0
창원성산,0,0,0,0,0,0,0,0,0,0,0,0,0,0,0,0,0,296,363,0,0,0,0,0,0,0,0,0,0,0,0,0,0,0,0,0,0,0,0,0,0,0,0,0,0
처벌법,0,0,0,0,0,0,0,0,0,0,0,0,0,0,0,0,0,0,0,0,0,0,0,0,0,0,0,0,0,0,0,0,0,0,0,0,0,221,326,164,0,0,0,0,0
천안함,0,0,0,0,735,0,0,0,0,0,0,0,0,0,0,0,0,165,0,0,0,0,0,0,0,0,0,0,0,179,0,0,0,0,0,0,0,0,0,0,0,153,237,0,416
청년들,0,0,0,0,0,0,0,0,0,0,0,0,0,0,0,0,0,0,0,0,0,0,0,0,0,0,0,0,0,0,0,0,205,0,0,239,0,0,0,0,0,143,390,282,400
청문회,0,220,0,0,0,0,0,0,0,0,0,255,144,184,0,320,156,785,370,0,550,423,1765,1965,184,351,353.5,356,0,0,0,0,167,1429,192,368,266,204,1203,1152,542,0,589,2078,137
청소년,0,0,0,0,0,0,0,0,0,0,0,0,0,0,0,0,0,0,0,0,0,0,0,0,0,0,90,180,101,155,215,0,0,0,0,0,0,0,0,0,0,0,0,0,0
청와대,3211,4119,3609,4946,3929,5853,5784,4403,3173,3173,4294,3804,2770,4077,5447,6350,3092,4070,4465,4526,4343,5067,4147,3192,2796,5733,5635.5,5538,3112,2999,2588,2723,3119,3876,3700,3191,3118,2787,3172,2680,3236,2967,3416,3202,2460
체포동의안,0,0,0,0,0,0,0,275,0,0,0,0,0,0,0,0,0,0,0,0,0,0,0,0,0,0,0,0,0,0,0,0,0,0,0,0,275,0,0,0,0,0,0,0,0
초대형_방사포,0,0,0,0,0,0,0,0,0,0,0,0,0,0,0,0,0,0,0,0,0,0,0,0,0,253,126.5,0,0,158,0,0,0,0,0,0,0,0,0,0,0,0,0,0,0
총파업,0,0,0,0,0,0,0,0,0,0,0,0,0,135,0,0,0,0,0,0,0,134,0,0,0,0,0,0,0,0,0,0,0,0,130,0,0,0,0,0,121,0,0,0,0
최강욱,0,0,0,0,0,0,0,0,0,0,0,0,0,0,0,0,0,0,0,0,0,0,0,0,0,0,85,170,0,121,179,0,0,236,0,0,0,0,0,0,0,0,0,0,0
최경환,156,250,225,154,0,0,0,0,0,0,0,0,0,0,0,0,0,0,0,0,0,0,0,0,0,0,0,0,0,0,0,0,0,0,0,0,0,0,0,0,0,0,0,0,0
최고위,105,118,0,0,0,0,0,0,0,0,0,0,0,0,0,0,0,0,0,141,0,0,0,0,0,0,0,0,0,339,0,0,0,0,0,0,0,0,0,0,0,0,0,0,0
최고위원,179,247,614,178,146,0,192,0,242,242,625,292,0,133,150,349,604,224,433,544,213,332,188,231,350,132,66,0,150,130,0,168,183,224,268,167,0,0,0,0,0,228,309,1535,745
최고인민회의,0,0,0,0,0,0,0,0,0,0,0,149,0,0,0,0,0,192,433,0,0,0,149,0,0,0,0,0,0,0,209,0,0,0,0,0,0,0,0,0,0,0,0,0,0
최선희,0,0,0,0,0,0,0,197,0,0,0,0,0,0,0,147,0,244,0,0,0,0,0,0,0,0,0,0,0,0,0,0,0,0,0,0,0,0,0,0,0,0,0,0,0
최순실,289,140,320,215,532,0,324,0,0,0,130,0,0,0,0,0,0,0,0,0,0,0,184,0,0,0,0,0,0,0,0,0,0,0,0,0,0,0,0,0,0,0,0,0,0
최재형,0,0,0,0,0,0,0,0,0,0,0,0,0,0,0,0,0,0,0,0,0,0,0,0,0,0,0,0,0,0,0,0,0,0,0,0,0,0,0,0,0,0,0,0,673
최저임금,132,0,172,613,266,0,0,710,474,474,517,306,255,178,434,381,241,156,172,302,183,443,0,0,0,0,0,0,0,0,0,0,0,0,0,0,0,0,0,0,0,0,0,0,0
추경안,0,0,0,0,0,0,0,379,0,0,0,0,0,0,0,0,0,0,173,245,250,673,201,0,0,0,0,0,0,278,526,0,235,0,0,240,0,0,0,0,0,293,0,0,0
추도식,0,0,0,0,0,0,0,0,0,0,0,0,0,0,0,0,0,0,0,427,0,0,0,0,0,0,0,0,0,0,0,221,0,0,0,0,0,0,0,0,0,0,0,153,0
추미애,0,0,0,0,0,0,0,0,210,210,0,0,0,0,0,0,0,0,0,0,0,0,0,0,0,0,307.5,615,284,0,0,0,413,1020,327,2458,1204,1826,1644,380,141,193,0,137,578
추미애_장관,0,0,0,0,0,0,0,0,0,0,0,0,0,0,0,0,0,0,0,0,0,0,0,0,0,0,0,0,0,0,0,0,0,0,0,298,196,255,263,0,0,0,0,0,0
추천위,0,0,0,0,0,0,0,0,0,0,0,0,0,0,0,0,0,0,0,0,0,0,0,0,0,0,0,0,0,0,0,0,0,0,0,0,0,541,398,0,0,0,347,0,0
출구조사,0,0,0,0,0,0,0,0,533,533,0,0,0,0,0,0,0,0,0,0,0,0,0,0,0,0,0,0,0,0,184,0,0,0,0,0,0,0,0,0,0,0,0,0,0
출정식,0,0,0,0,0,0,0,268,0,0,0,0,0,0,0,0,0,0,0,0,0,0,0,0,0,0,0,0,0,0,292,0,0,0,0,0,0,0,0,0,0,0,0,0,0
치료제,0,0,0,0,0,0,0,0,0,0,0,0,0,0,0,0,0,0,0,0,0,0,0,0,0,0,0,0,0,0,234,108,0,0,0,0,167,0,346,184,0,0,0,0,0
친박계,107,200,175,0,0,0,0,0,0,0,0,0,0,0,208,0,0,0,0,0,0,0,0,0,0,0,0,0,0,0,0,0,0,0,0,0,0,0,0,0,0,0,0,0,0
카투사,0,0,0,0,0,0,0,0,0,0,0,0,0,0,0,0,0,0,0,0,0,0,0,0,0,0,0,0,0,0,0,0,0,0,0,419,0,0,177,0,0,0,0,0,0
컷오프,0,0,0,0,0,0,182,0,0,0,0,0,0,0,0,0,0,0,0,0,0,0,0,0,0,123,124,125,435,812,0,0,0,0,0,0,0,0,0,0,0,0,0,145,0
코로나,0,0,0,0,0,0,0,0,0,0,0,0,0,0,0,0,0,0,0,0,0,0,0,0,0,0,0,0,413,352,614,595,1050,977,1918,1529,1279,1472,1780,1997,1056,503,709,701,542
코로나19,0,0,0,0,0,0,0,0,0,0,0,0,0,0,0,0,0,0,0,0,0,0,0,0,0,0,0,0,4651,9525,8531,4860,3099,3156,5118,4397,3850,3129,4344,3652,2351,1638,2000,1745,1407
코로나19_사태,0,0,0,0,0,0,0,0,0,0,0,0,0,0,0,0,0,0,0,0,0,0,0,0,0,0,0,0,185,249,256,116,0,0,0,0,0,0,0,0,0,0,0,0,0
코로나바이러스,0,0,0,0,0,0,0,0,0,0,0,0,0,0,0,0,0,0,0,0,0,0,0,0,0,0,226,452,564,0,0,0,0,0,0,0,0,0,0,0,0,0,0,0,0
탄도미사일,0,0,0,0,0,0,0,0,0,0,0,0,0,0,0,0,0,0,0,554,0,493,618,0,180,0,0,0,0,0,0,0,0,0,0,0,0,0,0,0,0,269,0,0,0
탈북민,0,0,0,0,0,0,0,0,0,0,0,0,210,0,0,0,0,0,0,0,0,0,0,0,0,116,58,0,0,0,0,0,0,207,0,0,0,0,0,0,0,0,0,0,0
탈원전,313,0,0,0,0,0,0,0,0,0,0,0,138,153,0,273,0,134,0,0,0,0,0,0,0,0,0,0,0,0,0,0,0,0,0,0,238,0,0,0,127,0,0,0,202
태극기,0,0,0,0,0,0,0,0,0,0,0,0,138,0,0,0,363,0,168,0,137,0,0,0,0,0,0,0,0,169,0,0,0,0,0,0,0,0,0,0,0,0,0,0,0
태영호,0,0,0,0,0,0,0,183,0,0,0,0,0,0,0,0,0,0,0,0,0,0,0,0,0,0,0,0,195,129,0,327,0,161,0,0,0,0,0,0,0,0,0,0,0
태평양,0,155,0,0,0,0,0,0,0,0,0,0,0,0,0,0,0,0,0,0,0,0,0,0,0,123,61.5,0,0,0,0,0,0,0,0,0,0,0,0,0,0,173,0,0,0
토론회,104,185,221,194,170,244,384,715,568,568,220,0,197,272,228,172,517,186,235,279,461,238,233,162,0,0,0,0,0,0,0,0,0,0,0,0,0,0,0,0,0,0,0,0,0
통신비,0,0,0,0,0,0,0,0,0,0,0,0,0,0,0,0,0,0,0,0,0,0,0,0,0,0,0,0,0,0,0,0,0,0,0,1387,0,0,0,0,0,0,0,0,0
통일부,226,168,290,1581,894,544,314,650,387,387,510,441,875,552,594,346,143,681,397,597,515,313,263,239,555,508,402,296,179,208,314,357,1784,1235,732,469,333,378,368,308,344,324,272,201,264
통지문,0,0,0,0,0,0,0,0,0,0,0,0,0,0,0,0,0,0,0,0,0,0,0,0,173,0,0,0,0,0,0,0,0,0,0,465,0,0,0,0,0,0,0,0,0
통합당,0,0,0,0,0,0,0,0,0,0,0,0,0,0,0,0,0,0,0,0,0,0,0,0,0,0,0,0,599,2215,4374,1893,2566,2143,2638,193,0,0,0,0,0,0,0,0,0
투기_의혹,0,0,0,0,0,0,0,0,0,0,0,0,0,0,0,0,0,0,0,0,0,0,0,0,0,0,0,0,0,0,0,0,0,0,0,0,0,0,0,0,0,544,0,0,0
투표소,0,0,0,0,0,0,0,0,690,690,0,0,0,0,0,0,0,0,0,0,0,0,0,0,0,0,0,0,0,256,1860,0,0,0,0,0,0,0,0,0,0,0,646,0,0
투표용지,0,0,0,0,0,0,0,0,310,310,0,0,0,0,0,0,0,0,0,0,0,0,0,0,0,0,0,0,0,160,418,378,0,0,0,0,0,0,0,0,0,0,0,0,0
투표율,0,0,163,0,0,0,0,0,1025,1025,0,0,0,0,0,0,0,137,190,0,0,0,0,0,0,0,0,0,0,0,1114,0,0,0,0,0,0,0,0,0,0,0,747,0,0
트럼프,2671,6213,1550,2432,2455,3859,3633,7767,7583,7583,2240,4041,2694,2871,2848,3500,6516,3968,3365,3255,5818,3650,2573,3499,2582,2254,2329,2404,1512,1776,1748,1562,3097,2333,2341,2302,4252,8359,1435,3293,1051,589,339,373,265
트럼프_대통령,1611,3561,775,1451,1027,2218,1973,4496,4742,4742,1363,2633,1533,1758,1854,2235,4175,2560,2254,2181,3957,2273,1614,2345,1722,1515,1484,1453,978,1147,1170,1092,2180,1504,1582,1698,3150,4924,927,1591,0,0,0,0,0
트위터,0,117,0,0,0,0,181,185,0,0,0,0,0,217,137,0,0,139,0,0,153,151,0,0,0,0,0,0,0,0,0,143,0,0,0,0,0,295,0,175,0,0,0,0,0
특감반,0,0,0,0,0,0,0,0,0,0,0,0,0,0,658,168,0,0,0,0,0,0,0,0,0,0,0,0,0,0,0,0,0,0,0,0,0,0,0,0,0,0,0,0,0
특별법,0,0,191,0,154,0,0,0,0,0,0,0,0,0,0,0,0,186,206,188,0,138,0,0,155,180,90,0,0,0,374,286,242,337,215,219,212,753,449,547,1961,845,324,179,380
특사단,0,0,0,0,0,1421,0,0,0,0,0,1193,0,0,0,0,0,0,0,0,0,0,0,0,0,0,0,0,0,0,0,0,0,0,0,0,0,0,0,0,0,0,0,0,0
특수활동비,0,271,136,208,0,0,0,0,0,0,206,0,0,0,0,0,0,0,0,0,0,0,0,0,0,0,0,0,0,0,0,0,0,0,0,0,0,0,0,0,0,0,0,0,0
특활비,0,667,338,757,260,196,0,0,0,0,709,0,0,0,0,0,0,0,0,0,0,0,0,0,0,0,0,0,0,0,0,0,0,0,0,0,0,818,0,0,0,0,0,0,0
틸러슨,403,128,542,167,196,430,0,0,0,0,0,0,0,0,0,0,0,0,0,0,0,0,0,0,0,0,0,0,0,0,0,0,0,0,0,0,0,0,0,0,0,0,0,0,0
판문점,0,194,0,1012,0,724,3442,3181,1122,1122,833,1430,934,0,137,0,0,0,431,0,759,1680,141,108,0,0,0,0,0,0,244,109,818,0,0,146,0,0,0,0,0,0,243,214,0
판문점_선언,0,0,0,0,0,0,803,934,0,0,230,488,201,0,0,0,0,0,0,0,0,0,0,0,0,0,0,0,0,0,0,0,0,0,0,0,0,0,0,0,0,0,0,0,0
판문점선언,0,0,0,0,0,0,0,252,0,0,148,599,416,0,0,0,0,0,133,0,0,0,0,0,0,0,0,0,0,0,0,0,0,0,0,0,0,0,0,0,0,0,0,0,0
패스트,0,0,0,0,0,0,0,0,0,0,0,0,0,0,263,0,150,1102,2885,1515,276,0,0,0,310,1226,613,0,0,0,0,0,0,0,0,0,0,0,0,0,0,0,0,0,0
패스트트랙,0,0,0,0,0,0,0,0,0,0,0,0,0,0,201,0,0,808,1660,941,615,478,264,316,1335,435,217.5,0,0,0,0,0,0,0,0,0,0,0,0,0,0,0,0,0,0
페이스북,0,113,0,0,0,160,0,188,224,224,131,0,0,0,138,234,0,0,266,178,144,321,205,295,170,129,139,149,244,269,426,292,452,618,748,705,563,466,602,598,435,464,417,384,469
펜스_부통령,0,0,0,0,886,0,0,0,0,0,0,0,0,203,0,0,0,0,0,0,0,0,0,0,0,0,0,0,0,0,0,0,0,0,0,0,0,0,0,167,0,0,0,0,0
펜실베이니아,0,0,0,0,0,0,0,0,0,0,0,0,0,0,0,0,0,0,0,0,0,0,0,0,0,0,0,0,0,0,0,0,0,0,0,0,169,986,0,0,0,0,0,0,0
평양공동선언,0,0,0,0,0,0,0,0,0,0,0,264,450,0,0,0,0,0,0,0,0,0,0,0,0,0,0,0,0,0,0,0,0,0,0,0,0,0,0,0,0,0,0,0,0
평창_올림픽,0,0,0,353,177,0,0,0,0,0,0,0,0,0,0,0,0,0,0,0,0,0,0,0,0,0,0,0,0,0,0,0,0,0,0,0,0,0,0,0,0,0,0,0,0
평창동계올림픽,0,0,178,611,376,0,0,0,0,0,0,0,0,0,0,0,0,0,0,0,0,0,0,0,0,0,0,0,0,0,0,0,0,0,0,0,0,0,0,0,0,0,0,0,0
평창올림픽,0,143,347,2033,1278,0,0,0,0,0,0,0,0,0,0,0,0,0,0,0,0,0,0,0,0,0,0,0,0,0,0,0,0,0,0,0,0,0,0,0,0,0,0,0,0
평화당,0,0,0,0,0,294,211,308,308,308,214,0,0,0,0,0,0,0,275,153,0,156,293,0,0,0,0,0,0,0,0,0,0,0,0,0,0,0,0,0,0,0,0,0,0
평화의,0,0,0,0,0,0,665,0,0,0,0,270,140,0,0,0,0,0,0,0,0,0,0,0,0,0,0,0,0,0,0,0,0,0,0,0,0,0,0,0,0,0,0,0,0
평화체제,0,0,0,0,0,0,531,197,248,248,0,138,0,0,0,0,157,0,0,0,0,0,0,0,0,0,0,0,0,0,0,0,0,0,0,0,0,0,0,0,0,0,0,0,0
평화협정,0,0,0,0,0,0,397,570,189,189,0,190,0,0,0,0,154,0,0,0,0,0,0,0,0,0,0,0,0,0,0,0,0,0,0,0,0,0,0,0,0,0,0,0,0
포스트,0,0,0,0,0,0,0,0,0,0,0,0,0,0,0,0,0,0,0,0,0,0,0,0,0,0,0,0,0,0,0,347,177,0,0,0,0,0,0,0,0,0,0,0,0
포인트,123,116,108,223,0,191,0,288,331,331,260,188,165,268,237,221,211,231,215,292,177,0,0,0,0,0,0,0,0,0,0,0,0,0,0,0,0,0,0,0,0,0,0,0,0
폼페이오,0,0,0,0,0,294,713,2090,1734,1734,1513,1194,1859,710,242,742,641,656,681,312,294,550,462,403,0,115,222,329,0,123,0,211,247,193,0,279,522,237,0,0,0,0,0,0,0
폼페이오_장관,0,0,0,0,0,0,0,855,831,831,697,488,1080,273,0,257,252,254,295,130,0,231,194,152,0,0,0,0,0,0,0,113,0,0,0,147,276,0,0,0,0,0,0,0,0
푸틴_대통령,0,0,0,0,0,181,0,0,284,284,0,0,0,0,0,0,0,0,539,0,146,0,0,0,0,0,0,0,0,0,0,0,0,0,0,0,0,0,0,0,0,0,0,0,196
풍계리,0,0,0,0,0,0,244,1729,0,0,0,0,223,0,0,0,0,0,0,0,0,0,0,0,0,0,0,0,0,0,0,0,0,0,0,0,0,0,0,0,0,0,0,0,0
풍계리_핵실험장,0,0,0,0,0,0,0,790,0,0,0,0,0,0,0,0,0,0,0,0,0,0,0,0,0,0,0,0,0,0,0,0,0,0,0,0,0,0,0,0,0,0,0,0,0
프랑스,0,0,0,0,0,0,0,0,0,0,0,0,473,0,0,0,0,0,0,0,0,0,134,0,0,0,0,0,0,0,0,0,0,0,0,0,0,0,194,0,0,0,0,0,0
프로세스,0,0,0,0,0,0,0,0,0,0,0,0,135,0,0,0,0,0,0,0,160,0,0,0,0,0,0,0,0,0,0,0,0,0,0,0,0,284,0,168,139,0,0,0,0
플로리다,0,0,0,0,0,0,0,0,0,0,0,0,0,0,0,0,0,0,0,0,0,0,0,0,0,0,0,0,0,0,0,0,0,0,0,0,247,406,0,0,0,0,0,0,0
피고인,174,0,0,0,0,0,280,0,0,0,0,0,0,0,0,0,0,0,0,0,0,0,0,0,0,0,0,0,148,0,0,113,0,0,0,145,0,174,0,0,0,0,0,219,175
피의자,0,0,128,0,0,381,0,0,0,0,0,0,0,0,0,0,0,0,0,0,0,0,0,150,152,0,110,220,0,0,0,0,0,0,0,0,0,0,0,0,0,0,160,0,0
피해자,115,158,555,429,270,487,181,0,0,0,304,0,258,286,153,369,155,0,0,172,168,295,420,148,156,267,213.5,160,157,163,412,822,486,1585,585,457,374,488,429,1492,476,1111,488,275,651
필리버스,0,0,0,0,0,0,0,0,0,0,0,0,0,0,0,0,0,0,0,0,0,0,0,0,0,115,57.5,0,0,0,0,0,0,0,0,0,0,0,440,0,0,0,0,0,0
필리버스터,0,0,0,0,0,0,0,0,0,0,0,0,0,0,0,0,0,0,0,0,0,0,0,0,0,297,238,179,0,0,0,0,0,0,0,0,0,0,1183,0,0,0,0,0,0
필리핀,0,298,0,0,0,0,0,0,183,183,0,0,0,0,0,0,0,0,0,0,0,0,0,0,0,0,0,0,0,0,0,0,0,0,0,0,0,0,0,0,0,0,0,0,0
하노이,0,0,0,0,0,0,0,0,0,0,0,0,0,0,0,0,3696,1896,739,295,581,241,0,167,147,0,0,0,0,0,0,0,171,0,0,0,0,0,0,0,0,0,0,0,0
하태경,0,0,0,0,0,0,0,0,0,0,0,0,0,0,0,0,0,0,0,149,0,142,0,173,0,0,83.5,167,0,0,0,0,0,145,0,149,0,0,0,0,0,0,0,0,176
한국_정부,0,0,125,0,0,0,0,0,0,0,0,0,0,0,0,0,0,0,0,0,0,292,267,111,0,244,122,0,0,0,0,0,160,153,0,0,0,0,0,0,0,0,0,0,0
한국당,1797,1707,2600,2102,2122,3015,3241,3386,4198,4198,1266,1503,2322,2346,3487,3122,4215,3441,5555,4500,4630,3739,2800,3232,4272,7147,7319,7491,4814,2599,1331,1429,0,0,0,0,0,0,0,0,0,0,0,126,0
한국판,0,0,0,0,0,0,0,0,0,0,0,0,0,0,0,0,0,0,0,0,0,0,0,0,0,0,0,0,0,0,0,264,219,925,392,379,491,422,0,313,0,0,0,0,0
한국판_뉴딜,0,0,0,0,0,0,0,0,0,0,0,0,0,0,0,0,0,0,0,0,0,0,0,0,0,0,0,0,0,0,0,227,184,832,306,274,402,331,0,245,0,0,0,0,0
한미_정상회담,0,0,0,0,0,0,0,0,0,0,0,0,0,0,0,0,0,0,179,0,0,0,0,146,0,0,0,0,0,0,0,0,0,0,0,0,0,0,0,0,0,0,0,303,0
한미동맹,0,205,0,0,0,0,0,0,0,0,0,0,0,0,0,0,0,0,0,140,140,0,345,250,0,245,122.5,0,0,0,0,0,0,0,0,0,168,355,0,0,0,203,0,266,0
한미연합훈련,0,0,0,0,0,0,0,0,319,319,0,0,0,0,0,0,0,0,0,0,0,0,183,0,0,0,0,0,0,0,0,0,0,0,0,0,0,0,0,0,0,0,0,0,0
한미정상회담,0,0,0,0,0,0,0,221,0,0,0,0,0,0,0,0,0,0,323,0,0,0,0,159,0,0,0,0,0,0,0,0,0,0,0,0,0,0,0,0,0,0,0,270,0
한반도,1149,1156,1067,1558,1564,3096,3983,3821,2879,2879,1064,3132,2195,1535,1333,1180,1505,1236,1513,1003,2389,1087,992,1132,599,1065,889,713,269,223,337,246,1772,937,501,1111,811,1698,600,1156,873,1066,802,1327,872
한반도_비핵화,0,0,0,0,0,379,338,291,0,0,0,266,0,0,0,0,0,0,0,0,0,0,0,0,0,0,0,0,0,0,0,0,0,0,0,0,0,0,0,0,0,0,0,0,0
한반도_평화,0,0,0,0,0,0,0,0,0,0,0,0,249,0,0,0,0,0,0,0,199,0,0,156,0,0,0,0,0,0,0,0,0,0,0,0,0,0,0,0,0,0,0,0,0
한유총,0,0,0,0,0,0,0,0,0,0,0,0,143,158,0,0,0,273,0,0,0,0,0,0,0,0,0,0,0,0,0,0,0,0,0,0,0,0,0,0,0,0,0,0,0
할머니,0,144,0,257,0,0,0,0,0,0,229,0,0,0,0,297,0,0,0,0,0,0,0,0,0,0,0,0,0,0,0,0,0,0,0,0,0,0,0,0,0,0,0,0,0
합의문,0,0,0,0,0,0,214,0,610,610,0,222,0,0,0,0,242,0,0,0,255,0,0,0,0,0,0,0,0,0,0,0,0,0,0,169,0,0,0,0,0,0,0,0,0
합의서,0,0,0,0,0,0,0,0,0,0,0,282,278,0,0,0,0,0,0,0,0,0,0,0,0,0,0,0,0,0,0,0,0,166,0,0,0,0,0,0,0,0,0,0,0
핫라인,0,0,0,0,0,0,397,336,0,0,0,0,0,0,0,0,0,0,0,0,0,0,0,0,0,0,0,0,0,0,0,0,0,0,0,0,0,0,0,0,0,0,0,0,0
항소심,0,0,127,0,270,0,0,0,0,0,224,0,0,0,0,165,0,184,0,172,0,0,0,0,0,0,0,0,132,0,0,0,0,0,0,0,0,262,0,0,0,0,0,0,0
해리스,0,0,0,0,0,0,0,0,0,0,0,0,0,0,0,0,0,0,0,0,0,0,114,0,0,0,199.5,399,0,0,0,0,0,0,512,0,217,318,0,181,0,0,0,0,0
해임건의안,0,0,0,0,0,0,0,0,0,0,0,0,0,0,0,0,0,0,0,0,0,322,0,242,0,0,0,0,0,0,0,0,0,0,0,0,0,0,0,0,0,0,0,0,0
핵무기,354,106,151,193,0,198,464,596,251,251,0,220,143,0,0,308,204,207,164,0,0,162,0,115,0,0,0,0,0,0,0,0,0,0,0,165,0,0,0,158,0,0,0,0,0
핵시설,0,0,0,0,0,0,0,0,0,0,0,345,210,0,0,0,489,518,0,0,0,0,0,0,0,0,0,0,0,0,0,0,0,0,0,0,0,0,0,0,0,0,0,0,0
핵실험,219,109,197,0,0,0,542,359,0,0,0,0,0,0,0,0,0,0,0,0,0,0,0,0,0,0,0,0,0,0,0,0,0,0,0,0,0,0,0,0,0,0,0,0,0
핵실험장,0,0,0,0,0,0,501,1865,0,0,0,0,131,0,0,0,0,0,0,0,0,0,0,0,0,0,0,0,0,0,0,0,0,0,0,0,0,0,0,0,0,0,0,0,0
행정관,128,142,0,176,169,233,259,0,0,0,0,0,0,0,0,481,0,0,0,0,0,0,0,0,0,0,127,254,182,136,0,191,0,0,0,0,269,0,0,0,0,0,0,0,0
행정부,126,110,168,156,186,227,0,224,0,0,0,192,180,212,155,165,0,201,0,138,0,233,153,180,0,144,150.5,157,108,0,0,133,170,165,127,0,264,1839,775,1448,736,1266,435,781,267
행정수도,0,0,0,0,0,0,0,0,0,0,0,0,0,0,0,0,0,0,0,0,0,0,0,0,0,0,0,0,0,0,0,0,0,986,244,0,0,0,0,0,0,0,0,0,0
헌법재판관,228,0,0,0,0,0,0,0,0,0,0,0,158,0,0,0,0,0,485,0,0,0,0,0,0,0,0,0,0,0,0,0,0,0,0,0,0,0,0,0,0,0,0,0,0
헝가리,0,0,0,0,0,0,0,0,0,0,0,0,0,0,0,0,0,0,0,296,240,0,0,0,0,0,0,0,0,0,0,0,0,0,0,0,0,0,0,0,0,0,0,0,0
혁신성장,131,0,0,0,0,0,0,0,212,212,276,0,0,187,0,182,0,0,0,0,0,0,0,0,0,0,0,0,0,0,0,0,0,0,0,0,0,0,0,0,0,0,0,0,0
혁신위,0,0,159,0,0,0,0,0,0,0,0,0,0,0,0,0,0,0,0,144,0,226,0,0,0,0,0,0,0,0,0,0,0,0,0,0,0,0,0,0,0,0,0,0,0
혁통위,0,0,0,0,0,0,0,0,0,0,0,0,0,0,0,0,0,0,0,0,0,0,0,0,0,0,233.5,467,90,0,0,0,0,0,0,0,0,0,0,0,0,0,0,0,0
현대화,0,0,0,0,0,0,0,0,214,214,0,0,0,0,181,0,0,0,0,0,0,0,0,0,0,0,0,0,0,0,0,0,0,0,0,0,0,0,0,0,0,0,0,0,0
현수막,0,0,0,0,0,0,0,0,253,253,0,0,0,0,0,0,0,0,0,0,0,0,0,0,0,0,0,0,0,0,304,0,0,0,0,0,0,0,0,0,0,0,150,0,0
현충일,0,0,0,0,0,0,0,0,216,216,0,0,0,0,0,0,0,0,0,0,242,0,0,0,0,0,0,0,0,0,0,0,0,0,0,0,0,0,0,0,0,0,0,0,157
협의체,0,0,0,0,0,0,0,0,0,0,191,0,174,458,154,0,0,0,0,419,0,0,0,0,0,0,0,0,0,0,0,0,0,0,0,0,0,0,0,0,0,0,0,0,0
협의회,0,0,0,0,0,0,0,0,0,0,0,202,143,158,0,0,140,204,147,124,186,262,172,163,243,335,238,141,172,0,0,174,281,299,144,169,253,303,197,187,156,279,165,150,216
호르무즈,0,0,0,0,0,0,0,0,0,0,0,0,0,0,0,0,0,0,0,0,0,187,0,0,0,0,244,488,0,0,0,0,0,0,0,0,0,0,0,0,0,0,0,0,0
호소인,0,0,0,0,0,0,0,0,0,0,0,0,0,0,0,0,0,0,0,0,0,0,0,0,0,0,0,0,0,0,0,0,0,363,0,0,0,0,0,0,0,146,0,0,0
홍남기,0,0,0,0,0,0,0,0,0,0,0,0,0,265,261,144,0,0,137,127,0,236,121,0,183,0,0,0,109,248,200,0,194,233,327,323,452,420,169,242,374,223,292,0,185
홍영표,0,0,0,0,0,0,0,254,0,0,0,0,0,202,204,159,0,214,212,0,0,0,0,0,0,0,0,0,0,0,0,0,0,0,0,0,0,0,0,0,0,0,387,0,0
홍준표,430,419,603,449,241,505,531,820,865,865,0,0,0,228,203,391,283,0,0,124,0,0,135,208,165,301,252.5,204,362,683,729,347,186,172,0,183,0,183,165,0,135,197,211,378,398
화이트리스트,0,0,0,0,0,0,0,0,0,0,0,0,0,0,0,0,0,0,0,0,0,412,964,0,0,0,0,0,0,0,0,0,0,0,0,0,0,0,0,0,0,0,0,0,0
확성기,0,0,0,0,0,0,255,0,0,0,0,0,0,0,0,0,0,0,0,0,0,0,0,0,0,0,0,0,0,0,0,0,388,0,0,0,0,0,0,0,0,0,0,0,0
확진자,0,0,0,0,0,0,0,0,0,0,0,0,0,0,0,0,0,0,0,0,0,0,0,0,0,0,0,0,940,930,491,175,0,396,815,418,239,320,592,415,0,143,235,0,0
환경부,0,0,0,0,0,0,0,0,0,0,130,0,0,0,267,0,360,434,316,0,0,0,0,0,128,0,0,0,0,0,0,0,0,0,210,0,206,0,166,225,364,0,0,0,0
활동비,0,780,0,0,0,0,0,0,0,0,0,0,0,0,0,0,0,0,0,0,0,0,0,0,0,0,0,0,0,0,0,0,0,0,0,0,0,222,0,0,0,0,0,0,0
활성화,0,0,0,0,0,0,0,224,246,246,0,0,153,0,0,184,0,0,0,126,0,0,0,0,0,0,0,0,0,0,0,0,0,0,0,0,0,0,0,0,0,0,0,0,0
황교안,0,0,0,0,0,0,0,0,0,0,0,0,0,0,0,785,1153,932,801,1147,880,763,519,637,700,1258,1018.5,779,861,949,1208,0,0,0,0,0,0,0,0,0,0,0,0,0,0
황교안_대표,0,0,0,0,0,0,0,0,0,0,0,0,0,0,0,0,0,134,0,191,179,0,0,0,0,273,218,163,115,144,0,0,0,0,0,0,0,0,0,0,0,0,0,0,0
회고록,0,0,0,0,0,0,0,0,0,0,0,0,0,0,0,0,0,0,0,0,0,0,0,0,0,0,0,0,0,0,0,0,879,0,0,0,0,0,0,0,0,0,0,200,0
획정안,0,0,0,0,0,174,0,0,0,0,0,0,0,0,0,0,0,0,0,0,0,0,0,0,0,0,0,0,0,420,0,0,0,0,0,0,0,0,0,0,0,0,0,0,0
후보들,0,0,0,0,0,280,451,1116,1328,1328,140,0,0,0,0,0,236,0,0,0,0,0,0,0,0,0,0,0,0,258,0,0,0,0,0,0,0,0,0,0,171,0,0,0,139
후보자,651,863,337,209,334,752,921,995,679,679,509,792,545,465,356,385,383,2241,2171,0,731,759,3629,4217,0,0,0,0,0,0,0,0,0,0,0,0,0,0,0,0,0,0,0,0,0
